B0000002 y
B0000004 yy
B0000006 yyy
B0000008 yyyy
B0000010 yyyyy
B0000012 yyyyyy
B0000014 yyyyyyy
B0000016 yyyyyyyy
B0000018 yyyyyyyyy
B0000020 yyyyyyyyyy
B0000022 yyyyyyyyyyy
B0000024 yyyyyyyyyyyy
B0000026 yyyyyyyyyyyyy
B0000028 yyyyyyyyyyyyyy
B0000030 yyyyyyyyyyyyyyy
B0000032 yyyyyyyyyyyyyyyy
B0000034 yyyyyyyyyyyyyyyyy
B0000036 yyyyyyyyyyyyyyyyyy
B0000038 yyyyyyyyyyyyyyyyyyy
B0000040 yyyyyyyyyyyyyyyyyyyy
B0000042 yyyyyyyyyyyyyyyyyyyyy
B0000044 yyyyyyyyyyyyyyyyyyyyyy
B0000046 yyyyyyyyyyyyyyyyyyyyyyy
B0000048 yyyyyyyyyyyyyyyyyyyyyyyy
B0000050 yyyyyyyyyyyyyyyyyyyyyyyyy
B0000052 yyyyyyyyyyyyyyyyyyyyyyyyyy
B0000054 yyyyyyyyyyyyyyyyyyyyyyyyyyy
B0000056 yyyyyyyyyyyyyyyyyyyyyyyyyyyy
B0000058 yyyyyyyyyyyyyyyyyyyyyyyyyyyyy
B0000060 yyyyyyyyyyyyyyyyyyyyyyyyyyyyyy
B0000062 yyyyyyyyyyyyyyyyyyyyyyyyyyyyyyy
B0000064 yyyyyyyyyyyyyyyyyyyyyyyyyyyyyyyy
B0000066 yyyyyyyyyyyyyyyyyyyyyyyyyyyyyyyyy
B0000068 yyyyyyyyyyyyyyyyyyyyyyyyyyyyyyyyyy
B0000070 yyyyyyyyyyyyyyyyyyyyyyyyyyyyyyyyyyy
B0000072 yyyyyyyyyyyyyyyyyyyyyyyyyyyyyyyyyyyy
B0000074 yyyyyyyyyyyyyyyyyyyyyyyyyyyyyyyyyyyyy
B0000076 yyyyyyyyyyyyyyyyyyyyyyyyyyyyyyyyyyyyyy
B0000078 yyyyyyyyyyyyyyyyyyyyyyyyyyyyyyyyyyyyyyy
B0000080 yyyyyyyyyyyyyyyyyyyyyyyyyyyyyyyyyyyyyyyy
B0000082 yyyyyyyyyyyyyyyyyyyyyyyyyyyyyyyyyyyyyyyyy
B0000084 yyyyyyyyyyyyyyyyyyyyyyyyyyyyyyyyyyyyyyyyyy
B0000086 yyyyyyyyyyyyyyyyyyyyyyyyyyyyyyyyyyyyyyyyyyy
B0000088 yyyyyyyyyyyyyyyyyyyyyyyyyyyyyyyyyyyyyyyyyyyy
B0000090 yyyyyyyyyyyyyyyyyyyyyyyyyyyyyyyyyyyyyyyyyyyyy
B0000092 yyyyyyyyyyyyyyyyyyyyyyyyyyyyyyyyyyyyyyyyyyyyyy
B0000094 yyyyyyyyyyyyyyyyyyyyyyyyyyyyyyyyyyyyyyyyyyyyyyy
B0000096 yyyyyyyyyyyyyyyyyyyyyyyyyyyyyyyyyyyyyyyyyyyyyyyy
B0000098 yyyyyyyyyyyyyyyyyyyyyyyyyyyyyyyyyyyyyyyyyyyyyyyyy
B0000100 
B0000102 y
B0000104 yy
B0000106 yyy
B0000108 yyyy
B0000110 yyyyy
B0000112 yyyyyy
B0000114 yyyyyyy
B0000116 yyyyyyyy
B0000118 yyyyyyyyy
B0000120 yyyyyyyyyy
B0000122 yyyyyyyyyyy
B0000124 yyyyyyyyyyyy
B0000126 yyyyyyyyyyyyy
B0000128 yyyyyyyyyyyyyy
B0000130 yyyyyyyyyyyyyyy
B0000132 yyyyyyyyyyyyyyyy
B0000134 yyyyyyyyyyyyyyyyy
B0000136 yyyyyyyyyyyyyyyyyy
B0000138 yyyyyyyyyyyyyyyyyyy
B0000140 yyyyyyyyyyyyyyyyyyyy
B0000142 yyyyyyyyyyyyyyyyyyyyy
B0000144 yyyyyyyyyyyyyyyyyyyyyy
B0000146 yyyyyyyyyyyyyyyyyyyyyyy
B0000148 yyyyyyyyyyyyyyyyyyyyyyyy
B0000150 yyyyyyyyyyyyyyyyyyyyyyyyy
B0000152 yyyyyyyyyyyyyyyyyyyyyyyyyy
B0000154 yyyyyyyyyyyyyyyyyyyyyyyyyyy
B0000156 yyyyyyyyyyyyyyyyyyyyyyyyyyyy
B0000158 yyyyyyyyyyyyyyyyyyyyyyyyyyyyy
B0000160 yyyyyyyyyyyyyyyyyyyyyyyyyyyyyy
B0000162 yyyyyyyyyyyyyyyyyyyyyyyyyyyyyyy
B0000164 yyyyyyyyyyyyyyyyyyyyyyyyyyyyyyyy
B0000166 yyyyyyyyyyyyyyyyyyyyyyyyyyyyyyyyy
B0000168 yyyyyyyyyyyyyyyyyyyyyyyyyyyyyyyyyy
B0000170 yyyyyyyyyyyyyyyyyyyyyyyyyyyyyyyyyyy
B0000172 yyyyyyyyyyyyyyyyyyyyyyyyyyyyyyyyyyyy
B0000174 yyyyyyyyyyyyyyyyyyyyyyyyyyyyyyyyyyyyy
B0000176 yyyyyyyyyyyyyyyyyyyyyyyyyyyyyyyyyyyyyy
B0000178 yyyyyyyyyyyyyyyyyyyyyyyyyyyyyyyyyyyyyyy
B0000180 yyyyyyyyyyyyyyyyyyyyyyyyyyyyyyyyyyyyyyyy
B0000182 yyyyyyyyyyyyyyyyyyyyyyyyyyyyyyyyyyyyyyyyy
B0000184 yyyyyyyyyyyyyyyyyyyyyyyyyyyyyyyyyyyyyyyyyy
B0000186 yyyyyyyyyyyyyyyyyyyyyyyyyyyyyyyyyyyyyyyyyyy
B0000188 yyyyyyyyyyyyyyyyyyyyyyyyyyyyyyyyyyyyyyyyyyyy
B0000190 yyyyyyyyyyyyyyyyyyyyyyyyyyyyyyyyyyyyyyyyyyyyy
B0000192 yyyyyyyyyyyyyyyyyyyyyyyyyyyyyyyyyyyyyyyyyyyyyy
B0000194 yyyyyyyyyyyyyyyyyyyyyyyyyyyyyyyyyyyyyyyyyyyyyyy
B0000196 yyyyyyyyyyyyyyyyyyyyyyyyyyyyyyyyyyyyyyyyyyyyyyyy
B0000198 yyyyyyyyyyyyyyyyyyyyyyyyyyyyyyyyyyyyyyyyyyyyyyyyy
B0000200 
B0000202 y
B0000204 yy
B0000206 yyy
B0000208 yyyy
B0000210 yyyyy
B0000212 yyyyyy
B0000214 yyyyyyy
B0000216 yyyyyyyy
B0000218 yyyyyyyyy
B0000220 yyyyyyyyyy
B0000222 yyyyyyyyyyy
B0000224 yyyyyyyyyyyy
B0000226 yyyyyyyyyyyyy
B0000228 yyyyyyyyyyyyyy
B0000230 yyyyyyyyyyyyyyy
B0000232 yyyyyyyyyyyyyyyy
B0000234 yyyyyyyyyyyyyyyyy
B0000236 yyyyyyyyyyyyyyyyyy
B0000238 yyyyyyyyyyyyyyyyyyy
B0000240 yyyyyyyyyyyyyyyyyyyy
B0000242 yyyyyyyyyyyyyyyyyyyyy
B0000244 yyyyyyyyyyyyyyyyyyyyyy
B0000246 yyyyyyyyyyyyyyyyyyyyyyy
B0000248 yyyyyyyyyyyyyyyyyyyyyyyy
B0000250 yyyyyyyyyyyyyyyyyyyyyyyyy
B0000252 yyyyyyyyyyyyyyyyyyyyyyyyyy
B0000254 yyyyyyyyyyyyyyyyyyyyyyyyyyy
B0000256 yyyyyyyyyyyyyyyyyyyyyyyyyyyy
B0000258 yyyyyyyyyyyyyyyyyyyyyyyyyyyyy
B0000260 yyyyyyyyyyyyyyyyyyyyyyyyyyyyyy
B0000262 yyyyyyyyyyyyyyyyyyyyyyyyyyyyyyy
B0000264 yyyyyyyyyyyyyyyyyyyyyyyyyyyyyyyy
B0000266 yyyyyyyyyyyyyyyyyyyyyyyyyyyyyyyyy
B0000268 yyyyyyyyyyyyyyyyyyyyyyyyyyyyyyyyyy
B0000270 yyyyyyyyyyyyyyyyyyyyyyyyyyyyyyyyyyy
B0000272 yyyyyyyyyyyyyyyyyyyyyyyyyyyyyyyyyyyy
B0000274 yyyyyyyyyyyyyyyyyyyyyyyyyyyyyyyyyyyyy
B0000276 yyyyyyyyyyyyyyyyyyyyyyyyyyyyyyyyyyyyyy
B0000278 yyyyyyyyyyyyyyyyyyyyyyyyyyyyyyyyyyyyyyy
B0000280 yyyyyyyyyyyyyyyyyyyyyyyyyyyyyyyyyyyyyyyy
B0000282 yyyyyyyyyyyyyyyyyyyyyyyyyyyyyyyyyyyyyyyyy
B0000284 yyyyyyyyyyyyyyyyyyyyyyyyyyyyyyyyyyyyyyyyyy
B0000286 yyyyyyyyyyyyyyyyyyyyyyyyyyyyyyyyyyyyyyyyyyy
B0000288 yyyyyyyyyyyyyyyyyyyyyyyyyyyyyyyyyyyyyyyyyyyy
B0000290 yyyyyyyyyyyyyyyyyyyyyyyyyyyyyyyyyyyyyyyyyyyyy
B0000292 yyyyyyyyyyyyyyyyyyyyyyyyyyyyyyyyyyyyyyyyyyyyyy
B0000294 yyyyyyyyyyyyyyyyyyyyyyyyyyyyyyyyyyyyyyyyyyyyyyy
B0000296 yyyyyyyyyyyyyyyyyyyyyyyyyyyyyyyyyyyyyyyyyyyyyyyy
B0000298 yyyyyyyyyyyyyyyyyyyyyyyyyyyyyyyyyyyyyyyyyyyyyyyyy
B0000300 
B0000302 y
B0000304 yy
B0000306 yyy
B0000308 yyyy
B0000310 yyyyy
B0000312 yyyyyy
B0000314 yyyyyyy
B0000316 yyyyyyyy
B0000318 yyyyyyyyy
B0000320 yyyyyyyyyy
B0000322 yyyyyyyyyyy
B0000324 yyyyyyyyyyyy
B0000326 yyyyyyyyyyyyy
B0000328 yyyyyyyyyyyyyy
B0000330 yyyyyyyyyyyyyyy
B0000332 yyyyyyyyyyyyyyyy
B0000334 yyyyyyyyyyyyyyyyy
B0000336 yyyyyyyyyyyyyyyyyy
B0000338 yyyyyyyyyyyyyyyyyyy
B0000340 yyyyyyyyyyyyyyyyyyyy
B0000342 yyyyyyyyyyyyyyyyyyyyy
B0000344 yyyyyyyyyyyyyyyyyyyyyy
B0000346 yyyyyyyyyyyyyyyyyyyyyyy
B0000348 yyyyyyyyyyyyyyyyyyyyyyyy
B0000350 yyyyyyyyyyyyyyyyyyyyyyyyy
B0000352 yyyyyyyyyyyyyyyyyyyyyyyyyy
B0000354 yyyyyyyyyyyyyyyyyyyyyyyyyyy
B0000356 yyyyyyyyyyyyyyyyyyyyyyyyyyyy
B0000358 yyyyyyyyyyyyyyyyyyyyyyyyyyyyy
B0000360 yyyyyyyyyyyyyyyyyyyyyyyyyyyyyy
B0000362 yyyyyyyyyyyyyyyyyyyyyyyyyyyyyyy
B0000364 yyyyyyyyyyyyyyyyyyyyyyyyyyyyyyyy
B0000366 yyyyyyyyyyyyyyyyyyyyyyyyyyyyyyyyy
B0000368 yyyyyyyyyyyyyyyyyyyyyyyyyyyyyyyyyy
B0000370 yyyyyyyyyyyyyyyyyyyyyyyyyyyyyyyyyyy
B0000372 yyyyyyyyyyyyyyyyyyyyyyyyyyyyyyyyyyyy
B0000374 yyyyyyyyyyyyyyyyyyyyyyyyyyyyyyyyyyyyy
B0000376 yyyyyyyyyyyyyyyyyyyyyyyyyyyyyyyyyyyyyy
B0000378 yyyyyyyyyyyyyyyyyyyyyyyyyyyyyyyyyyyyyyy
B0000380 yyyyyyyyyyyyyyyyyyyyyyyyyyyyyyyyyyyyyyyy
B0000382 yyyyyyyyyyyyyyyyyyyyyyyyyyyyyyyyyyyyyyyyy
B0000384 yyyyyyyyyyyyyyyyyyyyyyyyyyyyyyyyyyyyyyyyyy
B0000386 yyyyyyyyyyyyyyyyyyyyyyyyyyyyyyyyyyyyyyyyyyy
B0000388 yyyyyyyyyyyyyyyyyyyyyyyyyyyyyyyyyyyyyyyyyyyy
B0000390 yyyyyyyyyyyyyyyyyyyyyyyyyyyyyyyyyyyyyyyyyyyyy
B0000392 yyyyyyyyyyyyyyyyyyyyyyyyyyyyyyyyyyyyyyyyyyyyyy
B0000394 yyyyyyyyyyyyyyyyyyyyyyyyyyyyyyyyyyyyyyyyyyyyyyy
B0000396 yyyyyyyyyyyyyyyyyyyyyyyyyyyyyyyyyyyyyyyyyyyyyyyy
B0000398 yyyyyyyyyyyyyyyyyyyyyyyyyyyyyyyyyyyyyyyyyyyyyyyyy
B0000400 
B0000402 y
B0000404 yy
B0000406 yyy
B0000408 yyyy
B0000410 yyyyy
B0000412 yyyyyy
B0000414 yyyyyyy
B0000416 yyyyyyyy
B0000418 yyyyyyyyy
B0000420 yyyyyyyyyy
B0000422 yyyyyyyyyyy
B0000424 yyyyyyyyyyyy
B0000426 yyyyyyyyyyyyy
B0000428 yyyyyyyyyyyyyy
B0000430 yyyyyyyyyyyyyyy
B0000432 yyyyyyyyyyyyyyyy
B0000434 yyyyyyyyyyyyyyyyy
B0000436 yyyyyyyyyyyyyyyyyy
B0000438 yyyyyyyyyyyyyyyyyyy
B0000440 yyyyyyyyyyyyyyyyyyyy
B0000442 yyyyyyyyyyyyyyyyyyyyy
B0000444 yyyyyyyyyyyyyyyyyyyyyy
B0000446 yyyyyyyyyyyyyyyyyyyyyyy
B0000448 yyyyyyyyyyyyyyyyyyyyyyyy
B0000450 yyyyyyyyyyyyyyyyyyyyyyyyy
B0000452 yyyyyyyyyyyyyyyyyyyyyyyyyy
B0000454 yyyyyyyyyyyyyyyyyyyyyyyyyyy
B0000456 yyyyyyyyyyyyyyyyyyyyyyyyyyyy
B0000458 yyyyyyyyyyyyyyyyyyyyyyyyyyyyy
B0000460 yyyyyyyyyyyyyyyyyyyyyyyyyyyyyy
B0000462 yyyyyyyyyyyyyyyyyyyyyyyyyyyyyyy
B0000464 yyyyyyyyyyyyyyyyyyyyyyyyyyyyyyyy
B0000466 yyyyyyyyyyyyyyyyyyyyyyyyyyyyyyyyy
B0000468 yyyyyyyyyyyyyyyyyyyyyyyyyyyyyyyyyy
B0000470 yyyyyyyyyyyyyyyyyyyyyyyyyyyyyyyyyyy
B0000472 yyyyyyyyyyyyyyyyyyyyyyyyyyyyyyyyyyyy
B0000474 yyyyyyyyyyyyyyyyyyyyyyyyyyyyyyyyyyyyy
B0000476 yyyyyyyyyyyyyyyyyyyyyyyyyyyyyyyyyyyyyy
B0000478 yyyyyyyyyyyyyyyyyyyyyyyyyyyyyyyyyyyyyyy
B0000480 yyyyyyyyyyyyyyyyyyyyyyyyyyyyyyyyyyyyyyyy
B0000482 yyyyyyyyyyyyyyyyyyyyyyyyyyyyyyyyyyyyyyyyy
B0000484 yyyyyyyyyyyyyyyyyyyyyyyyyyyyyyyyyyyyyyyyyy
B0000486 yyyyyyyyyyyyyyyyyyyyyyyyyyyyyyyyyyyyyyyyyyy
B0000488 yyyyyyyyyyyyyyyyyyyyyyyyyyyyyyyyyyyyyyyyyyyy
B0000490 yyyyyyyyyyyyyyyyyyyyyyyyyyyyyyyyyyyyyyyyyyyyy
B0000492 yyyyyyyyyyyyyyyyyyyyyyyyyyyyyyyyyyyyyyyyyyyyyy
B0000494 yyyyyyyyyyyyyyyyyyyyyyyyyyyyyyyyyyyyyyyyyyyyyyy
B0000496 yyyyyyyyyyyyyyyyyyyyyyyyyyyyyyyyyyyyyyyyyyyyyyyy
B0000498 yyyyyyyyyyyyyyyyyyyyyyyyyyyyyyyyyyyyyyyyyyyyyyyyy
B0000500 
B0000502 y
B0000504 yy
B0000506 yyy
B0000508 yyyy
B0000510 yyyyy
B0000512 yyyyyy
B0000514 yyyyyyy
B0000516 yyyyyyyy
B0000518 yyyyyyyyy
B0000520 yyyyyyyyyy
B0000522 yyyyyyyyyyy
B0000524 yyyyyyyyyyyy
B0000526 yyyyyyyyyyyyy
B0000528 yyyyyyyyyyyyyy
B0000530 yyyyyyyyyyyyyyy
B0000532 yyyyyyyyyyyyyyyy
B0000534 yyyyyyyyyyyyyyyyy
B0000536 yyyyyyyyyyyyyyyyyy
B0000538 yyyyyyyyyyyyyyyyyyy
B0000540 yyyyyyyyyyyyyyyyyyyy
B0000542 yyyyyyyyyyyyyyyyyyyyy
B0000544 yyyyyyyyyyyyyyyyyyyyyy
B0000546 yyyyyyyyyyyyyyyyyyyyyyy
B0000548 yyyyyyyyyyyyyyyyyyyyyyyy
B0000550 yyyyyyyyyyyyyyyyyyyyyyyyy
B0000552 yyyyyyyyyyyyyyyyyyyyyyyyyy
B0000554 yyyyyyyyyyyyyyyyyyyyyyyyyyy
B0000556 yyyyyyyyyyyyyyyyyyyyyyyyyyyy
B0000558 yyyyyyyyyyyyyyyyyyyyyyyyyyyyy
B0000560 yyyyyyyyyyyyyyyyyyyyyyyyyyyyyy
B0000562 yyyyyyyyyyyyyyyyyyyyyyyyyyyyyyy
B0000564 yyyyyyyyyyyyyyyyyyyyyyyyyyyyyyyy
B0000566 yyyyyyyyyyyyyyyyyyyyyyyyyyyyyyyyy
B0000568 yyyyyyyyyyyyyyyyyyyyyyyyyyyyyyyyyy
B0000570 yyyyyyyyyyyyyyyyyyyyyyyyyyyyyyyyyyy
B0000572 yyyyyyyyyyyyyyyyyyyyyyyyyyyyyyyyyyyy
B0000574 yyyyyyyyyyyyyyyyyyyyyyyyyyyyyyyyyyyyy
B0000576 yyyyyyyyyyyyyyyyyyyyyyyyyyyyyyyyyyyyyy
B0000578 yyyyyyyyyyyyyyyyyyyyyyyyyyyyyyyyyyyyyyy
B0000580 yyyyyyyyyyyyyyyyyyyyyyyyyyyyyyyyyyyyyyyy
B0000582 yyyyyyyyyyyyyyyyyyyyyyyyyyyyyyyyyyyyyyyyy
B0000584 yyyyyyyyyyyyyyyyyyyyyyyyyyyyyyyyyyyyyyyyyy
B0000586 yyyyyyyyyyyyyyyyyyyyyyyyyyyyyyyyyyyyyyyyyyy
B0000588 yyyyyyyyyyyyyyyyyyyyyyyyyyyyyyyyyyyyyyyyyyyy
B0000590 yyyyyyyyyyyyyyyyyyyyyyyyyyyyyyyyyyyyyyyyyyyyy
B0000592 yyyyyyyyyyyyyyyyyyyyyyyyyyyyyyyyyyyyyyyyyyyyyy
B0000594 yyyyyyyyyyyyyyyyyyyyyyyyyyyyyyyyyyyyyyyyyyyyyyy
B0000596 yyyyyyyyyyyyyyyyyyyyyyyyyyyyyyyyyyyyyyyyyyyyyyyy
B0000598 yyyyyyyyyyyyyyyyyyyyyyyyyyyyyyyyyyyyyyyyyyyyyyyyy
B0000600 
B0000602 y
B0000604 yy
B0000606 yyy
B0000608 yyyy
B0000610 yyyyy
B0000612 yyyyyy
B0000614 yyyyyyy
B0000616 yyyyyyyy
B0000618 yyyyyyyyy
B0000620 yyyyyyyyyy
B0000622 yyyyyyyyyyy
B0000624 yyyyyyyyyyyy
B0000626 yyyyyyyyyyyyy
B0000628 yyyyyyyyyyyyyy
B0000630 yyyyyyyyyyyyyyy
B0000632 yyyyyyyyyyyyyyyy
B0000634 yyyyyyyyyyyyyyyyy
B0000636 yyyyyyyyyyyyyyyyyy
B0000638 yyyyyyyyyyyyyyyyyyy
B0000640 yyyyyyyyyyyyyyyyyyyy
B0000642 yyyyyyyyyyyyyyyyyyyyy
B0000644 yyyyyyyyyyyyyyyyyyyyyy
B0000646 yyyyyyyyyyyyyyyyyyyyyyy
B0000648 yyyyyyyyyyyyyyyyyyyyyyyy
B0000650 yyyyyyyyyyyyyyyyyyyyyyyyy
B0000652 yyyyyyyyyyyyyyyyyyyyyyyyyy
B0000654 yyyyyyyyyyyyyyyyyyyyyyyyyyy
B0000656 yyyyyyyyyyyyyyyyyyyyyyyyyyyy
B0000658 yyyyyyyyyyyyyyyyyyyyyyyyyyyyy
B0000660 yyyyyyyyyyyyyyyyyyyyyyyyyyyyyy
B0000662 yyyyyyyyyyyyyyyyyyyyyyyyyyyyyyy
B0000664 yyyyyyyyyyyyyyyyyyyyyyyyyyyyyyyy
B0000666 yyyyyyyyyyyyyyyyyyyyyyyyyyyyyyyyy
B0000668 yyyyyyyyyyyyyyyyyyyyyyyyyyyyyyyyyy
B0000670 yyyyyyyyyyyyyyyyyyyyyyyyyyyyyyyyyyy
B0000672 yyyyyyyyyyyyyyyyyyyyyyyyyyyyyyyyyyyy
B0000674 yyyyyyyyyyyyyyyyyyyyyyyyyyyyyyyyyyyyy
B0000676 yyyyyyyyyyyyyyyyyyyyyyyyyyyyyyyyyyyyyy
B0000678 yyyyyyyyyyyyyyyyyyyyyyyyyyyyyyyyyyyyyyy
B0000680 yyyyyyyyyyyyyyyyyyyyyyyyyyyyyyyyyyyyyyyy
B0000682 yyyyyyyyyyyyyyyyyyyyyyyyyyyyyyyyyyyyyyyyy
B0000684 yyyyyyyyyyyyyyyyyyyyyyyyyyyyyyyyyyyyyyyyyy
B0000686 yyyyyyyyyyyyyyyyyyyyyyyyyyyyyyyyyyyyyyyyyyy
B0000688 yyyyyyyyyyyyyyyyyyyyyyyyyyyyyyyyyyyyyyyyyyyy
B0000690 yyyyyyyyyyyyyyyyyyyyyyyyyyyyyyyyyyyyyyyyyyyyy
B0000692 yyyyyyyyyyyyyyyyyyyyyyyyyyyyyyyyyyyyyyyyyyyyyy
B0000694 yyyyyyyyyyyyyyyyyyyyyyyyyyyyyyyyyyyyyyyyyyyyyyy
B0000696 yyyyyyyyyyyyyyyyyyyyyyyyyyyyyyyyyyyyyyyyyyyyyyyy
B0000698 yyyyyyyyyyyyyyyyyyyyyyyyyyyyyyyyyyyyyyyyyyyyyyyyy
B0000700 
B0000702 y
B0000704 yy
B0000706 yyy
B0000708 yyyy
B0000710 yyyyy
B0000712 yyyyyy
B0000714 yyyyyyy
B0000716 yyyyyyyy
B0000718 yyyyyyyyy
B0000720 yyyyyyyyyy
B0000722 yyyyyyyyyyy
B0000724 yyyyyyyyyyyy
B0000726 yyyyyyyyyyyyy
B0000728 yyyyyyyyyyyyyy
B0000730 yyyyyyyyyyyyyyy
B0000732 yyyyyyyyyyyyyyyy
B0000734 yyyyyyyyyyyyyyyyy
B0000736 yyyyyyyyyyyyyyyyyy
B0000738 yyyyyyyyyyyyyyyyyyy
B0000740 yyyyyyyyyyyyyyyyyyyy
B0000742 yyyyyyyyyyyyyyyyyyyyy
B0000744 yyyyyyyyyyyyyyyyyyyyyy
B0000746 yyyyyyyyyyyyyyyyyyyyyyy
B0000748 yyyyyyyyyyyyyyyyyyyyyyyy
B0000750 yyyyyyyyyyyyyyyyyyyyyyyyy
B0000752 yyyyyyyyyyyyyyyyyyyyyyyyyy
B0000754 yyyyyyyyyyyyyyyyyyyyyyyyyyy
B0000756 yyyyyyyyyyyyyyyyyyyyyyyyyyyy
B0000758 yyyyyyyyyyyyyyyyyyyyyyyyyyyyy
B0000760 yyyyyyyyyyyyyyyyyyyyyyyyyyyyyy
B0000762 yyyyyyyyyyyyyyyyyyyyyyyyyyyyyyy
B0000764 yyyyyyyyyyyyyyyyyyyyyyyyyyyyyyyy
B0000766 yyyyyyyyyyyyyyyyyyyyyyyyyyyyyyyyy
B0000768 yyyyyyyyyyyyyyyyyyyyyyyyyyyyyyyyyy
B0000770 yyyyyyyyyyyyyyyyyyyyyyyyyyyyyyyyyyy
B0000772 yyyyyyyyyyyyyyyyyyyyyyyyyyyyyyyyyyyy
B0000774 yyyyyyyyyyyyyyyyyyyyyyyyyyyyyyyyyyyyy
B0000776 yyyyyyyyyyyyyyyyyyyyyyyyyyyyyyyyyyyyyy
B0000778 yyyyyyyyyyyyyyyyyyyyyyyyyyyyyyyyyyyyyyy
B0000780 yyyyyyyyyyyyyyyyyyyyyyyyyyyyyyyyyyyyyyyy
B0000782 yyyyyyyyyyyyyyyyyyyyyyyyyyyyyyyyyyyyyyyyy
B0000784 yyyyyyyyyyyyyyyyyyyyyyyyyyyyyyyyyyyyyyyyyy
B0000786 yyyyyyyyyyyyyyyyyyyyyyyyyyyyyyyyyyyyyyyyyyy
B0000788 yyyyyyyyyyyyyyyyyyyyyyyyyyyyyyyyyyyyyyyyyyyy
B0000790 yyyyyyyyyyyyyyyyyyyyyyyyyyyyyyyyyyyyyyyyyyyyy
B0000792 yyyyyyyyyyyyyyyyyyyyyyyyyyyyyyyyyyyyyyyyyyyyyy
B0000794 yyyyyyyyyyyyyyyyyyyyyyyyyyyyyyyyyyyyyyyyyyyyyyy
B0000796 yyyyyyyyyyyyyyyyyyyyyyyyyyyyyyyyyyyyyyyyyyyyyyyy
B0000798 yyyyyyyyyyyyyyyyyyyyyyyyyyyyyyyyyyyyyyyyyyyyyyyyy
B0000800 
B0000802 y
B0000804 yy
B0000806 yyy
B0000808 yyyy
B0000810 yyyyy
B0000812 yyyyyy
B0000814 yyyyyyy
B0000816 yyyyyyyy
B0000818 yyyyyyyyy
B0000820 yyyyyyyyyy
B0000822 yyyyyyyyyyy
B0000824 yyyyyyyyyyyy
B0000826 yyyyyyyyyyyyy
B0000828 yyyyyyyyyyyyyy
B0000830 yyyyyyyyyyyyyyy
B0000832 yyyyyyyyyyyyyyyy
B0000834 yyyyyyyyyyyyyyyyy
B0000836 yyyyyyyyyyyyyyyyyy
B0000838 yyyyyyyyyyyyyyyyyyy
B0000840 yyyyyyyyyyyyyyyyyyyy
B0000842 yyyyyyyyyyyyyyyyyyyyy
B0000844 yyyyyyyyyyyyyyyyyyyyyy
B0000846 yyyyyyyyyyyyyyyyyyyyyyy
B0000848 yyyyyyyyyyyyyyyyyyyyyyyy
B0000850 yyyyyyyyyyyyyyyyyyyyyyyyy
B0000852 yyyyyyyyyyyyyyyyyyyyyyyyyy
B0000854 yyyyyyyyyyyyyyyyyyyyyyyyyyy
B0000856 yyyyyyyyyyyyyyyyyyyyyyyyyyyy
B0000858 yyyyyyyyyyyyyyyyyyyyyyyyyyyyy
B0000860 yyyyyyyyyyyyyyyyyyyyyyyyyyyyyy
B0000862 yyyyyyyyyyyyyyyyyyyyyyyyyyyyyyy
B0000864 yyyyyyyyyyyyyyyyyyyyyyyyyyyyyyyy
B0000866 yyyyyyyyyyyyyyyyyyyyyyyyyyyyyyyyy
B0000868 yyyyyyyyyyyyyyyyyyyyyyyyyyyyyyyyyy
B0000870 yyyyyyyyyyyyyyyyyyyyyyyyyyyyyyyyyyy
B0000872 yyyyyyyyyyyyyyyyyyyyyyyyyyyyyyyyyyyy
B0000874 yyyyyyyyyyyyyyyyyyyyyyyyyyyyyyyyyyyyy
B0000876 yyyyyyyyyyyyyyyyyyyyyyyyyyyyyyyyyyyyyy
B0000878 yyyyyyyyyyyyyyyyyyyyyyyyyyyyyyyyyyyyyyy
B0000880 yyyyyyyyyyyyyyyyyyyyyyyyyyyyyyyyyyyyyyyy
B0000882 yyyyyyyyyyyyyyyyyyyyyyyyyyyyyyyyyyyyyyyyy
B0000884 yyyyyyyyyyyyyyyyyyyyyyyyyyyyyyyyyyyyyyyyyy
B0000886 yyyyyyyyyyyyyyyyyyyyyyyyyyyyyyyyyyyyyyyyyyy
B0000888 yyyyyyyyyyyyyyyyyyyyyyyyyyyyyyyyyyyyyyyyyyyy
B0000890 yyyyyyyyyyyyyyyyyyyyyyyyyyyyyyyyyyyyyyyyyyyyy
B0000892 yyyyyyyyyyyyyyyyyyyyyyyyyyyyyyyyyyyyyyyyyyyyyy
B0000894 yyyyyyyyyyyyyyyyyyyyyyyyyyyyyyyyyyyyyyyyyyyyyyy
B0000896 yyyyyyyyyyyyyyyyyyyyyyyyyyyyyyyyyyyyyyyyyyyyyyyy
B0000898 yyyyyyyyyyyyyyyyyyyyyyyyyyyyyyyyyyyyyyyyyyyyyyyyy
B0000900 
B0000902 y
B0000904 yy
B0000906 yyy
B0000908 yyyy
B0000910 yyyyy
B0000912 yyyyyy
B0000914 yyyyyyy
B0000916 yyyyyyyy
B0000918 yyyyyyyyy
B0000920 yyyyyyyyyy
B0000922 yyyyyyyyyyy
B0000924 yyyyyyyyyyyy
B0000926 yyyyyyyyyyyyy
B0000928 yyyyyyyyyyyyyy
B0000930 yyyyyyyyyyyyyyy
B0000932 yyyyyyyyyyyyyyyy
B0000934 yyyyyyyyyyyyyyyyy
B0000936 yyyyyyyyyyyyyyyyyy
B0000938 yyyyyyyyyyyyyyyyyyy
B0000940 yyyyyyyyyyyyyyyyyyyy
B0000942 yyyyyyyyyyyyyyyyyyyyy
B0000944 yyyyyyyyyyyyyyyyyyyyyy
B0000946 yyyyyyyyyyyyyyyyyyyyyyy
B0000948 yyyyyyyyyyyyyyyyyyyyyyyy
B0000950 yyyyyyyyyyyyyyyyyyyyyyyyy
B0000952 yyyyyyyyyyyyyyyyyyyyyyyyyy
B0000954 yyyyyyyyyyyyyyyyyyyyyyyyyyy
B0000956 yyyyyyyyyyyyyyyyyyyyyyyyyyyy
B0000958 yyyyyyyyyyyyyyyyyyyyyyyyyyyyy
B0000960 yyyyyyyyyyyyyyyyyyyyyyyyyyyyyy
B0000962 yyyyyyyyyyyyyyyyyyyyyyyyyyyyyyy
B0000964 yyyyyyyyyyyyyyyyyyyyyyyyyyyyyyyy
B0000966 yyyyyyyyyyyyyyyyyyyyyyyyyyyyyyyyy
B0000968 yyyyyyyyyyyyyyyyyyyyyyyyyyyyyyyyyy
B0000970 yyyyyyyyyyyyyyyyyyyyyyyyyyyyyyyyyyy
B0000972 yyyyyyyyyyyyyyyyyyyyyyyyyyyyyyyyyyyy
B0000974 yyyyyyyyyyyyyyyyyyyyyyyyyyyyyyyyyyyyy
B0000976 yyyyyyyyyyyyyyyyyyyyyyyyyyyyyyyyyyyyyy
B0000978 yyyyyyyyyyyyyyyyyyyyyyyyyyyyyyyyyyyyyyy
B0000980 yyyyyyyyyyyyyyyyyyyyyyyyyyyyyyyyyyyyyyyy
B0000982 yyyyyyyyyyyyyyyyyyyyyyyyyyyyyyyyyyyyyyyyy
B0000984 yyyyyyyyyyyyyyyyyyyyyyyyyyyyyyyyyyyyyyyyyy
B0000986 yyyyyyyyyyyyyyyyyyyyyyyyyyyyyyyyyyyyyyyyyyy
B0000988 yyyyyyyyyyyyyyyyyyyyyyyyyyyyyyyyyyyyyyyyyyyy
B0000990 yyyyyyyyyyyyyyyyyyyyyyyyyyyyyyyyyyyyyyyyyyyyy
B0000992 yyyyyyyyyyyyyyyyyyyyyyyyyyyyyyyyyyyyyyyyyyyyyy
B0000994 yyyyyyyyyyyyyyyyyyyyyyyyyyyyyyyyyyyyyyyyyyyyyyy
B0000996 yyyyyyyyyyyyyyyyyyyyyyyyyyyyyyyyyyyyyyyyyyyyyyyy
B0000998 yyyyyyyyyyyyyyyyyyyyyyyyyyyyyyyyyyyyyyyyyyyyyyyyy
B0001000 
B0001002 y
B0001004 yy
B0001006 yyy
B0001008 yyyy
B0001010 yyyyy
B0001012 yyyyyy
B0001014 yyyyyyy
B0001016 yyyyyyyy
B0001018 yyyyyyyyy
B0001020 yyyyyyyyyy
B0001022 yyyyyyyyyyy
B0001024 yyyyyyyyyyyy
B0001026 yyyyyyyyyyyyy
B0001028 yyyyyyyyyyyyyy
B0001030 yyyyyyyyyyyyyyy
B0001032 yyyyyyyyyyyyyyyy
B0001034 yyyyyyyyyyyyyyyyy
B0001036 yyyyyyyyyyyyyyyyyy
B0001038 yyyyyyyyyyyyyyyyyyy
B0001040 yyyyyyyyyyyyyyyyyyyy
B0001042 yyyyyyyyyyyyyyyyyyyyy
B0001044 yyyyyyyyyyyyyyyyyyyyyy
B0001046 yyyyyyyyyyyyyyyyyyyyyyy
B0001048 yyyyyyyyyyyyyyyyyyyyyyyy
B0001050 yyyyyyyyyyyyyyyyyyyyyyyyy
B0001052 yyyyyyyyyyyyyyyyyyyyyyyyyy
B0001054 yyyyyyyyyyyyyyyyyyyyyyyyyyy
B0001056 yyyyyyyyyyyyyyyyyyyyyyyyyyyy
B0001058 yyyyyyyyyyyyyyyyyyyyyyyyyyyyy
B0001060 yyyyyyyyyyyyyyyyyyyyyyyyyyyyyy
B0001062 yyyyyyyyyyyyyyyyyyyyyyyyyyyyyyy
B0001064 yyyyyyyyyyyyyyyyyyyyyyyyyyyyyyyy
B0001066 yyyyyyyyyyyyyyyyyyyyyyyyyyyyyyyyy
B0001068 yyyyyyyyyyyyyyyyyyyyyyyyyyyyyyyyyy
B0001070 yyyyyyyyyyyyyyyyyyyyyyyyyyyyyyyyyyy
B0001072 yyyyyyyyyyyyyyyyyyyyyyyyyyyyyyyyyyyy
B0001074 yyyyyyyyyyyyyyyyyyyyyyyyyyyyyyyyyyyyy
B0001076 yyyyyyyyyyyyyyyyyyyyyyyyyyyyyyyyyyyyyy
B0001078 yyyyyyyyyyyyyyyyyyyyyyyyyyyyyyyyyyyyyyy
B0001080 yyyyyyyyyyyyyyyyyyyyyyyyyyyyyyyyyyyyyyyy
B0001082 yyyyyyyyyyyyyyyyyyyyyyyyyyyyyyyyyyyyyyyyy
B0001084 yyyyyyyyyyyyyyyyyyyyyyyyyyyyyyyyyyyyyyyyyy
B0001086 yyyyyyyyyyyyyyyyyyyyyyyyyyyyyyyyyyyyyyyyyyy
B0001088 yyyyyyyyyyyyyyyyyyyyyyyyyyyyyyyyyyyyyyyyyyyy
B0001090 yyyyyyyyyyyyyyyyyyyyyyyyyyyyyyyyyyyyyyyyyyyyy
B0001092 yyyyyyyyyyyyyyyyyyyyyyyyyyyyyyyyyyyyyyyyyyyyyy
B0001094 yyyyyyyyyyyyyyyyyyyyyyyyyyyyyyyyyyyyyyyyyyyyyyy
B0001096 yyyyyyyyyyyyyyyyyyyyyyyyyyyyyyyyyyyyyyyyyyyyyyyy
B0001098 yyyyyyyyyyyyyyyyyyyyyyyyyyyyyyyyyyyyyyyyyyyyyyyyy
B0001100 
B0001102 y
B0001104 yy
B0001106 yyy
B0001108 yyyy
B0001110 yyyyy
B0001112 yyyyyy
B0001114 yyyyyyy
B0001116 yyyyyyyy
B0001118 yyyyyyyyy
B0001120 yyyyyyyyyy
B0001122 yyyyyyyyyyy
B0001124 yyyyyyyyyyyy
B0001126 yyyyyyyyyyyyy
B0001128 yyyyyyyyyyyyyy
B0001130 yyyyyyyyyyyyyyy
B0001132 yyyyyyyyyyyyyyyy
B0001134 yyyyyyyyyyyyyyyyy
B0001136 yyyyyyyyyyyyyyyyyy
B0001138 yyyyyyyyyyyyyyyyyyy
B0001140 yyyyyyyyyyyyyyyyyyyy
B0001142 yyyyyyyyyyyyyyyyyyyyy
B0001144 yyyyyyyyyyyyyyyyyyyyyy
B0001146 yyyyyyyyyyyyyyyyyyyyyyy
B0001148 yyyyyyyyyyyyyyyyyyyyyyyy
B0001150 yyyyyyyyyyyyyyyyyyyyyyyyy
B0001152 yyyyyyyyyyyyyyyyyyyyyyyyyy
B0001154 yyyyyyyyyyyyyyyyyyyyyyyyyyy
B0001156 yyyyyyyyyyyyyyyyyyyyyyyyyyyy
B0001158 yyyyyyyyyyyyyyyyyyyyyyyyyyyyy
B0001160 yyyyyyyyyyyyyyyyyyyyyyyyyyyyyy
B0001162 yyyyyyyyyyyyyyyyyyyyyyyyyyyyyyy
B0001164 yyyyyyyyyyyyyyyyyyyyyyyyyyyyyyyy
B0001166 yyyyyyyyyyyyyyyyyyyyyyyyyyyyyyyyy
B0001168 yyyyyyyyyyyyyyyyyyyyyyyyyyyyyyyyyy
B0001170 yyyyyyyyyyyyyyyyyyyyyyyyyyyyyyyyyyy
B0001172 yyyyyyyyyyyyyyyyyyyyyyyyyyyyyyyyyyyy
B0001174 yyyyyyyyyyyyyyyyyyyyyyyyyyyyyyyyyyyyy
B0001176 yyyyyyyyyyyyyyyyyyyyyyyyyyyyyyyyyyyyyy
B0001178 yyyyyyyyyyyyyyyyyyyyyyyyyyyyyyyyyyyyyyy
B0001180 yyyyyyyyyyyyyyyyyyyyyyyyyyyyyyyyyyyyyyyy
B0001182 yyyyyyyyyyyyyyyyyyyyyyyyyyyyyyyyyyyyyyyyy
B0001184 yyyyyyyyyyyyyyyyyyyyyyyyyyyyyyyyyyyyyyyyyy
B0001186 yyyyyyyyyyyyyyyyyyyyyyyyyyyyyyyyyyyyyyyyyyy
B0001188 yyyyyyyyyyyyyyyyyyyyyyyyyyyyyyyyyyyyyyyyyyyy
B0001190 yyyyyyyyyyyyyyyyyyyyyyyyyyyyyyyyyyyyyyyyyyyyy
B0001192 yyyyyyyyyyyyyyyyyyyyyyyyyyyyyyyyyyyyyyyyyyyyyy
B0001194 yyyyyyyyyyyyyyyyyyyyyyyyyyyyyyyyyyyyyyyyyyyyyyy
B0001196 yyyyyyyyyyyyyyyyyyyyyyyyyyyyyyyyyyyyyyyyyyyyyyyy
B0001198 yyyyyyyyyyyyyyyyyyyyyyyyyyyyyyyyyyyyyyyyyyyyyyyyy
B0001200 
B0001202 y
B0001204 yy
B0001206 yyy
B0001208 yyyy
B0001210 yyyyy
B0001212 yyyyyy
B0001214 yyyyyyy
B0001216 yyyyyyyy
B0001218 yyyyyyyyy
B0001220 yyyyyyyyyy
B0001222 yyyyyyyyyyy
B0001224 yyyyyyyyyyyy
B0001226 yyyyyyyyyyyyy
B0001228 yyyyyyyyyyyyyy
B0001230 yyyyyyyyyyyyyyy
B0001232 yyyyyyyyyyyyyyyy
B0001234 yyyyyyyyyyyyyyyyy
B0001236 yyyyyyyyyyyyyyyyyy
B0001238 yyyyyyyyyyyyyyyyyyy
B0001240 yyyyyyyyyyyyyyyyyyyy
B0001242 yyyyyyyyyyyyyyyyyyyyy
B0001244 yyyyyyyyyyyyyyyyyyyyyy
B0001246 yyyyyyyyyyyyyyyyyyyyyyy
B0001248 yyyyyyyyyyyyyyyyyyyyyyyy
B0001250 yyyyyyyyyyyyyyyyyyyyyyyyy
B0001252 yyyyyyyyyyyyyyyyyyyyyyyyyy
B0001254 yyyyyyyyyyyyyyyyyyyyyyyyyyy
B0001256 yyyyyyyyyyyyyyyyyyyyyyyyyyyy
B0001258 yyyyyyyyyyyyyyyyyyyyyyyyyyyyy
B0001260 yyyyyyyyyyyyyyyyyyyyyyyyyyyyyy
B0001262 yyyyyyyyyyyyyyyyyyyyyyyyyyyyyyy
B0001264 yyyyyyyyyyyyyyyyyyyyyyyyyyyyyyyy
B0001266 yyyyyyyyyyyyyyyyyyyyyyyyyyyyyyyyy
B0001268 yyyyyyyyyyyyyyyyyyyyyyyyyyyyyyyyyy
B0001270 yyyyyyyyyyyyyyyyyyyyyyyyyyyyyyyyyyy
B0001272 yyyyyyyyyyyyyyyyyyyyyyyyyyyyyyyyyyyy
B0001274 yyyyyyyyyyyyyyyyyyyyyyyyyyyyyyyyyyyyy
B0001276 yyyyyyyyyyyyyyyyyyyyyyyyyyyyyyyyyyyyyy
B0001278 yyyyyyyyyyyyyyyyyyyyyyyyyyyyyyyyyyyyyyy
B0001280 yyyyyyyyyyyyyyyyyyyyyyyyyyyyyyyyyyyyyyyy
B0001282 yyyyyyyyyyyyyyyyyyyyyyyyyyyyyyyyyyyyyyyyy
B0001284 yyyyyyyyyyyyyyyyyyyyyyyyyyyyyyyyyyyyyyyyyy
B0001286 yyyyyyyyyyyyyyyyyyyyyyyyyyyyyyyyyyyyyyyyyyy
B0001288 yyyyyyyyyyyyyyyyyyyyyyyyyyyyyyyyyyyyyyyyyyyy
B0001290 yyyyyyyyyyyyyyyyyyyyyyyyyyyyyyyyyyyyyyyyyyyyy
B0001292 yyyyyyyyyyyyyyyyyyyyyyyyyyyyyyyyyyyyyyyyyyyyyy
B0001294 yyyyyyyyyyyyyyyyyyyyyyyyyyyyyyyyyyyyyyyyyyyyyyy
B0001296 yyyyyyyyyyyyyyyyyyyyyyyyyyyyyyyyyyyyyyyyyyyyyyyy
B0001298 yyyyyyyyyyyyyyyyyyyyyyyyyyyyyyyyyyyyyyyyyyyyyyyyy
B0001300 
B0001302 y
B0001304 yy
B0001306 yyy
B0001308 yyyy
B0001310 yyyyy
B0001312 yyyyyy
B0001314 yyyyyyy
B0001316 yyyyyyyy
B0001318 yyyyyyyyy
B0001320 yyyyyyyyyy
B0001322 yyyyyyyyyyy
B0001324 yyyyyyyyyyyy
B0001326 yyyyyyyyyyyyy
B0001328 yyyyyyyyyyyyyy
B0001330 yyyyyyyyyyyyyyy
B0001332 yyyyyyyyyyyyyyyy
B0001334 yyyyyyyyyyyyyyyyy
B0001336 yyyyyyyyyyyyyyyyyy
B0001338 yyyyyyyyyyyyyyyyyyy
B0001340 yyyyyyyyyyyyyyyyyyyy
B0001342 yyyyyyyyyyyyyyyyyyyyy
B0001344 yyyyyyyyyyyyyyyyyyyyyy
B0001346 yyyyyyyyyyyyyyyyyyyyyyy
B0001348 yyyyyyyyyyyyyyyyyyyyyyyy
B0001350 yyyyyyyyyyyyyyyyyyyyyyyyy
B0001352 yyyyyyyyyyyyyyyyyyyyyyyyyy
B0001354 yyyyyyyyyyyyyyyyyyyyyyyyyyy
B0001356 yyyyyyyyyyyyyyyyyyyyyyyyyyyy
B0001358 yyyyyyyyyyyyyyyyyyyyyyyyyyyyy
B0001360 yyyyyyyyyyyyyyyyyyyyyyyyyyyyyy
B0001362 yyyyyyyyyyyyyyyyyyyyyyyyyyyyyyy
B0001364 yyyyyyyyyyyyyyyyyyyyyyyyyyyyyyyy
B0001366 yyyyyyyyyyyyyyyyyyyyyyyyyyyyyyyyy
B0001368 yyyyyyyyyyyyyyyyyyyyyyyyyyyyyyyyyy
B0001370 yyyyyyyyyyyyyyyyyyyyyyyyyyyyyyyyyyy
B0001372 yyyyyyyyyyyyyyyyyyyyyyyyyyyyyyyyyyyy
B0001374 yyyyyyyyyyyyyyyyyyyyyyyyyyyyyyyyyyyyy
B0001376 yyyyyyyyyyyyyyyyyyyyyyyyyyyyyyyyyyyyyy
B0001378 yyyyyyyyyyyyyyyyyyyyyyyyyyyyyyyyyyyyyyy
B0001380 yyyyyyyyyyyyyyyyyyyyyyyyyyyyyyyyyyyyyyyy
B0001382 yyyyyyyyyyyyyyyyyyyyyyyyyyyyyyyyyyyyyyyyy
B0001384 yyyyyyyyyyyyyyyyyyyyyyyyyyyyyyyyyyyyyyyyyy
B0001386 yyyyyyyyyyyyyyyyyyyyyyyyyyyyyyyyyyyyyyyyyyy
B0001388 yyyyyyyyyyyyyyyyyyyyyyyyyyyyyyyyyyyyyyyyyyyy
B0001390 yyyyyyyyyyyyyyyyyyyyyyyyyyyyyyyyyyyyyyyyyyyyy
B0001392 yyyyyyyyyyyyyyyyyyyyyyyyyyyyyyyyyyyyyyyyyyyyyy
B0001394 yyyyyyyyyyyyyyyyyyyyyyyyyyyyyyyyyyyyyyyyyyyyyyy
B0001396 yyyyyyyyyyyyyyyyyyyyyyyyyyyyyyyyyyyyyyyyyyyyyyyy
B0001398 yyyyyyyyyyyyyyyyyyyyyyyyyyyyyyyyyyyyyyyyyyyyyyyyy
B0001400 
B0001402 y
B0001404 yy
B0001406 yyy
B0001408 yyyy
B0001410 yyyyy
B0001412 yyyyyy
B0001414 yyyyyyy
B0001416 yyyyyyyy
B0001418 yyyyyyyyy
B0001420 yyyyyyyyyy
B0001422 yyyyyyyyyyy
B0001424 yyyyyyyyyyyy
B0001426 yyyyyyyyyyyyy
B0001428 yyyyyyyyyyyyyy
B0001430 yyyyyyyyyyyyyyy
B0001432 yyyyyyyyyyyyyyyy
B0001434 yyyyyyyyyyyyyyyyy
B0001436 yyyyyyyyyyyyyyyyyy
B0001438 yyyyyyyyyyyyyyyyyyy
B0001440 yyyyyyyyyyyyyyyyyyyy
B0001442 yyyyyyyyyyyyyyyyyyyyy
B0001444 yyyyyyyyyyyyyyyyyyyyyy
B0001446 yyyyyyyyyyyyyyyyyyyyyyy
B0001448 yyyyyyyyyyyyyyyyyyyyyyyy
B0001450 yyyyyyyyyyyyyyyyyyyyyyyyy
B0001452 yyyyyyyyyyyyyyyyyyyyyyyyyy
B0001454 yyyyyyyyyyyyyyyyyyyyyyyyyyy
B0001456 yyyyyyyyyyyyyyyyyyyyyyyyyyyy
B0001458 yyyyyyyyyyyyyyyyyyyyyyyyyyyyy
B0001460 yyyyyyyyyyyyyyyyyyyyyyyyyyyyyy
B0001462 yyyyyyyyyyyyyyyyyyyyyyyyyyyyyyy
B0001464 yyyyyyyyyyyyyyyyyyyyyyyyyyyyyyyy
B0001466 yyyyyyyyyyyyyyyyyyyyyyyyyyyyyyyyy
B0001468 yyyyyyyyyyyyyyyyyyyyyyyyyyyyyyyyyy
B0001470 yyyyyyyyyyyyyyyyyyyyyyyyyyyyyyyyyyy
B0001472 yyyyyyyyyyyyyyyyyyyyyyyyyyyyyyyyyyyy
B0001474 yyyyyyyyyyyyyyyyyyyyyyyyyyyyyyyyyyyyy
B0001476 yyyyyyyyyyyyyyyyyyyyyyyyyyyyyyyyyyyyyy
B0001478 yyyyyyyyyyyyyyyyyyyyyyyyyyyyyyyyyyyyyyy
B0001480 yyyyyyyyyyyyyyyyyyyyyyyyyyyyyyyyyyyyyyyy
B0001482 yyyyyyyyyyyyyyyyyyyyyyyyyyyyyyyyyyyyyyyyy
B0001484 yyyyyyyyyyyyyyyyyyyyyyyyyyyyyyyyyyyyyyyyyy
B0001486 yyyyyyyyyyyyyyyyyyyyyyyyyyyyyyyyyyyyyyyyyyy
B0001488 yyyyyyyyyyyyyyyyyyyyyyyyyyyyyyyyyyyyyyyyyyyy
B0001490 yyyyyyyyyyyyyyyyyyyyyyyyyyyyyyyyyyyyyyyyyyyyy
B0001492 yyyyyyyyyyyyyyyyyyyyyyyyyyyyyyyyyyyyyyyyyyyyyy
B0001494 yyyyyyyyyyyyyyyyyyyyyyyyyyyyyyyyyyyyyyyyyyyyyyy
B0001496 yyyyyyyyyyyyyyyyyyyyyyyyyyyyyyyyyyyyyyyyyyyyyyyy
B0001498 yyyyyyyyyyyyyyyyyyyyyyyyyyyyyyyyyyyyyyyyyyyyyyyyy
B0001500 
B0001502 y
B0001504 yy
B0001506 yyy
B0001508 yyyy
B0001510 yyyyy
B0001512 yyyyyy
B0001514 yyyyyyy
B0001516 yyyyyyyy
B0001518 yyyyyyyyy
B0001520 yyyyyyyyyy
B0001522 yyyyyyyyyyy
B0001524 yyyyyyyyyyyy
B0001526 yyyyyyyyyyyyy
B0001528 yyyyyyyyyyyyyy
B0001530 yyyyyyyyyyyyyyy
B0001532 yyyyyyyyyyyyyyyy
B0001534 yyyyyyyyyyyyyyyyy
B0001536 yyyyyyyyyyyyyyyyyy
B0001538 yyyyyyyyyyyyyyyyyyy
B0001540 yyyyyyyyyyyyyyyyyyyy
B0001542 yyyyyyyyyyyyyyyyyyyyy
B0001544 yyyyyyyyyyyyyyyyyyyyyy
B0001546 yyyyyyyyyyyyyyyyyyyyyyy
B0001548 yyyyyyyyyyyyyyyyyyyyyyyy
B0001550 yyyyyyyyyyyyyyyyyyyyyyyyy
B0001552 yyyyyyyyyyyyyyyyyyyyyyyyyy
B0001554 yyyyyyyyyyyyyyyyyyyyyyyyyyy
B0001556 yyyyyyyyyyyyyyyyyyyyyyyyyyyy
B0001558 yyyyyyyyyyyyyyyyyyyyyyyyyyyyy
B0001560 yyyyyyyyyyyyyyyyyyyyyyyyyyyyyy
B0001562 yyyyyyyyyyyyyyyyyyyyyyyyyyyyyyy
B0001564 yyyyyyyyyyyyyyyyyyyyyyyyyyyyyyyy
B0001566 yyyyyyyyyyyyyyyyyyyyyyyyyyyyyyyyy
B0001568 yyyyyyyyyyyyyyyyyyyyyyyyyyyyyyyyyy
B0001570 yyyyyyyyyyyyyyyyyyyyyyyyyyyyyyyyyyy
B0001572 yyyyyyyyyyyyyyyyyyyyyyyyyyyyyyyyyyyy
B0001574 yyyyyyyyyyyyyyyyyyyyyyyyyyyyyyyyyyyyy
B0001576 yyyyyyyyyyyyyyyyyyyyyyyyyyyyyyyyyyyyyy
B0001578 yyyyyyyyyyyyyyyyyyyyyyyyyyyyyyyyyyyyyyy
B0001580 yyyyyyyyyyyyyyyyyyyyyyyyyyyyyyyyyyyyyyyy
B0001582 yyyyyyyyyyyyyyyyyyyyyyyyyyyyyyyyyyyyyyyyy
B0001584 yyyyyyyyyyyyyyyyyyyyyyyyyyyyyyyyyyyyyyyyyy
B0001586 yyyyyyyyyyyyyyyyyyyyyyyyyyyyyyyyyyyyyyyyyyy
B0001588 yyyyyyyyyyyyyyyyyyyyyyyyyyyyyyyyyyyyyyyyyyyy
B0001590 yyyyyyyyyyyyyyyyyyyyyyyyyyyyyyyyyyyyyyyyyyyyy
B0001592 yyyyyyyyyyyyyyyyyyyyyyyyyyyyyyyyyyyyyyyyyyyyyy
B0001594 yyyyyyyyyyyyyyyyyyyyyyyyyyyyyyyyyyyyyyyyyyyyyyy
B0001596 yyyyyyyyyyyyyyyyyyyyyyyyyyyyyyyyyyyyyyyyyyyyyyyy
B0001598 yyyyyyyyyyyyyyyyyyyyyyyyyyyyyyyyyyyyyyyyyyyyyyyyy
B0001600 
B0001602 y
B0001604 yy
B0001606 yyy
B0001608 yyyy
B0001610 yyyyy
B0001612 yyyyyy
B0001614 yyyyyyy
B0001616 yyyyyyyy
B0001618 yyyyyyyyy
B0001620 yyyyyyyyyy
B0001622 yyyyyyyyyyy
B0001624 yyyyyyyyyyyy
B0001626 yyyyyyyyyyyyy
B0001628 yyyyyyyyyyyyyy
B0001630 yyyyyyyyyyyyyyy
B0001632 yyyyyyyyyyyyyyyy
B0001634 yyyyyyyyyyyyyyyyy
B0001636 yyyyyyyyyyyyyyyyyy
B0001638 yyyyyyyyyyyyyyyyyyy
B0001640 yyyyyyyyyyyyyyyyyyyy
B0001642 yyyyyyyyyyyyyyyyyyyyy
B0001644 yyyyyyyyyyyyyyyyyyyyyy
B0001646 yyyyyyyyyyyyyyyyyyyyyyy
B0001648 yyyyyyyyyyyyyyyyyyyyyyyy
B0001650 yyyyyyyyyyyyyyyyyyyyyyyyy
B0001652 yyyyyyyyyyyyyyyyyyyyyyyyyy
B0001654 yyyyyyyyyyyyyyyyyyyyyyyyyyy
B0001656 yyyyyyyyyyyyyyyyyyyyyyyyyyyy
B0001658 yyyyyyyyyyyyyyyyyyyyyyyyyyyyy
B0001660 yyyyyyyyyyyyyyyyyyyyyyyyyyyyyy
B0001662 yyyyyyyyyyyyyyyyyyyyyyyyyyyyyyy
B0001664 yyyyyyyyyyyyyyyyyyyyyyyyyyyyyyyy
B0001666 yyyyyyyyyyyyyyyyyyyyyyyyyyyyyyyyy
B0001668 yyyyyyyyyyyyyyyyyyyyyyyyyyyyyyyyyy
B0001670 yyyyyyyyyyyyyyyyyyyyyyyyyyyyyyyyyyy
B0001672 yyyyyyyyyyyyyyyyyyyyyyyyyyyyyyyyyyyy
B0001674 yyyyyyyyyyyyyyyyyyyyyyyyyyyyyyyyyyyyy
B0001676 yyyyyyyyyyyyyyyyyyyyyyyyyyyyyyyyyyyyyy
B0001678 yyyyyyyyyyyyyyyyyyyyyyyyyyyyyyyyyyyyyyy
B0001680 yyyyyyyyyyyyyyyyyyyyyyyyyyyyyyyyyyyyyyyy
B0001682 yyyyyyyyyyyyyyyyyyyyyyyyyyyyyyyyyyyyyyyyy
B0001684 yyyyyyyyyyyyyyyyyyyyyyyyyyyyyyyyyyyyyyyyyy
B0001686 yyyyyyyyyyyyyyyyyyyyyyyyyyyyyyyyyyyyyyyyyyy
B0001688 yyyyyyyyyyyyyyyyyyyyyyyyyyyyyyyyyyyyyyyyyyyy
B0001690 yyyyyyyyyyyyyyyyyyyyyyyyyyyyyyyyyyyyyyyyyyyyy
B0001692 yyyyyyyyyyyyyyyyyyyyyyyyyyyyyyyyyyyyyyyyyyyyyy
B0001694 yyyyyyyyyyyyyyyyyyyyyyyyyyyyyyyyyyyyyyyyyyyyyyy
B0001696 yyyyyyyyyyyyyyyyyyyyyyyyyyyyyyyyyyyyyyyyyyyyyyyy
B0001698 yyyyyyyyyyyyyyyyyyyyyyyyyyyyyyyyyyyyyyyyyyyyyyyyy
B0001700 
B0001702 y
B0001704 yy
B0001706 yyy
B0001708 yyyy
B0001710 yyyyy
B0001712 yyyyyy
B0001714 yyyyyyy
B0001716 yyyyyyyy
B0001718 yyyyyyyyy
B0001720 yyyyyyyyyy
B0001722 yyyyyyyyyyy
B0001724 yyyyyyyyyyyy
B0001726 yyyyyyyyyyyyy
B0001728 yyyyyyyyyyyyyy
B0001730 yyyyyyyyyyyyyyy
B0001732 yyyyyyyyyyyyyyyy
B0001734 yyyyyyyyyyyyyyyyy
B0001736 yyyyyyyyyyyyyyyyyy
B0001738 yyyyyyyyyyyyyyyyyyy
B0001740 yyyyyyyyyyyyyyyyyyyy
B0001742 yyyyyyyyyyyyyyyyyyyyy
B0001744 yyyyyyyyyyyyyyyyyyyyyy
B0001746 yyyyyyyyyyyyyyyyyyyyyyy
B0001748 yyyyyyyyyyyyyyyyyyyyyyyy
B0001750 yyyyyyyyyyyyyyyyyyyyyyyyy
B0001752 yyyyyyyyyyyyyyyyyyyyyyyyyy
B0001754 yyyyyyyyyyyyyyyyyyyyyyyyyyy
B0001756 yyyyyyyyyyyyyyyyyyyyyyyyyyyy
B0001758 yyyyyyyyyyyyyyyyyyyyyyyyyyyyy
B0001760 yyyyyyyyyyyyyyyyyyyyyyyyyyyyyy
B0001762 yyyyyyyyyyyyyyyyyyyyyyyyyyyyyyy
B0001764 yyyyyyyyyyyyyyyyyyyyyyyyyyyyyyyy
B0001766 yyyyyyyyyyyyyyyyyyyyyyyyyyyyyyyyy
B0001768 yyyyyyyyyyyyyyyyyyyyyyyyyyyyyyyyyy
B0001770 yyyyyyyyyyyyyyyyyyyyyyyyyyyyyyyyyyy
B0001772 yyyyyyyyyyyyyyyyyyyyyyyyyyyyyyyyyyyy
B0001774 yyyyyyyyyyyyyyyyyyyyyyyyyyyyyyyyyyyyy
B0001776 yyyyyyyyyyyyyyyyyyyyyyyyyyyyyyyyyyyyyy
B0001778 yyyyyyyyyyyyyyyyyyyyyyyyyyyyyyyyyyyyyyy
B0001780 yyyyyyyyyyyyyyyyyyyyyyyyyyyyyyyyyyyyyyyy
B0001782 yyyyyyyyyyyyyyyyyyyyyyyyyyyyyyyyyyyyyyyyy
B0001784 yyyyyyyyyyyyyyyyyyyyyyyyyyyyyyyyyyyyyyyyyy
B0001786 yyyyyyyyyyyyyyyyyyyyyyyyyyyyyyyyyyyyyyyyyyy
B0001788 yyyyyyyyyyyyyyyyyyyyyyyyyyyyyyyyyyyyyyyyyyyy
B0001790 yyyyyyyyyyyyyyyyyyyyyyyyyyyyyyyyyyyyyyyyyyyyy
B0001792 yyyyyyyyyyyyyyyyyyyyyyyyyyyyyyyyyyyyyyyyyyyyyy
B0001794 yyyyyyyyyyyyyyyyyyyyyyyyyyyyyyyyyyyyyyyyyyyyyyy
B0001796 yyyyyyyyyyyyyyyyyyyyyyyyyyyyyyyyyyyyyyyyyyyyyyyy
B0001798 yyyyyyyyyyyyyyyyyyyyyyyyyyyyyyyyyyyyyyyyyyyyyyyyy
B0001800 
B0001802 y
B0001804 yy
B0001806 yyy
B0001808 yyyy
B0001810 yyyyy
B0001812 yyyyyy
B0001814 yyyyyyy
B0001816 yyyyyyyy
B0001818 yyyyyyyyy
B0001820 yyyyyyyyyy
B0001822 yyyyyyyyyyy
B0001824 yyyyyyyyyyyy
B0001826 yyyyyyyyyyyyy
B0001828 yyyyyyyyyyyyyy
B0001830 yyyyyyyyyyyyyyy
B0001832 yyyyyyyyyyyyyyyy
B0001834 yyyyyyyyyyyyyyyyy
B0001836 yyyyyyyyyyyyyyyyyy
B0001838 yyyyyyyyyyyyyyyyyyy
B0001840 yyyyyyyyyyyyyyyyyyyy
B0001842 yyyyyyyyyyyyyyyyyyyyy
B0001844 yyyyyyyyyyyyyyyyyyyyyy
B0001846 yyyyyyyyyyyyyyyyyyyyyyy
B0001848 yyyyyyyyyyyyyyyyyyyyyyyy
B0001850 yyyyyyyyyyyyyyyyyyyyyyyyy
B0001852 yyyyyyyyyyyyyyyyyyyyyyyyyy
B0001854 yyyyyyyyyyyyyyyyyyyyyyyyyyy
B0001856 yyyyyyyyyyyyyyyyyyyyyyyyyyyy
B0001858 yyyyyyyyyyyyyyyyyyyyyyyyyyyyy
B0001860 yyyyyyyyyyyyyyyyyyyyyyyyyyyyyy
B0001862 yyyyyyyyyyyyyyyyyyyyyyyyyyyyyyy
B0001864 yyyyyyyyyyyyyyyyyyyyyyyyyyyyyyyy
B0001866 yyyyyyyyyyyyyyyyyyyyyyyyyyyyyyyyy
B0001868 yyyyyyyyyyyyyyyyyyyyyyyyyyyyyyyyyy
B0001870 yyyyyyyyyyyyyyyyyyyyyyyyyyyyyyyyyyy
B0001872 yyyyyyyyyyyyyyyyyyyyyyyyyyyyyyyyyyyy
B0001874 yyyyyyyyyyyyyyyyyyyyyyyyyyyyyyyyyyyyy
B0001876 yyyyyyyyyyyyyyyyyyyyyyyyyyyyyyyyyyyyyy
B0001878 yyyyyyyyyyyyyyyyyyyyyyyyyyyyyyyyyyyyyyy
B0001880 yyyyyyyyyyyyyyyyyyyyyyyyyyyyyyyyyyyyyyyy
B0001882 yyyyyyyyyyyyyyyyyyyyyyyyyyyyyyyyyyyyyyyyy
B0001884 yyyyyyyyyyyyyyyyyyyyyyyyyyyyyyyyyyyyyyyyyy
B0001886 yyyyyyyyyyyyyyyyyyyyyyyyyyyyyyyyyyyyyyyyyyy
B0001888 yyyyyyyyyyyyyyyyyyyyyyyyyyyyyyyyyyyyyyyyyyyy
B0001890 yyyyyyyyyyyyyyyyyyyyyyyyyyyyyyyyyyyyyyyyyyyyy
B0001892 yyyyyyyyyyyyyyyyyyyyyyyyyyyyyyyyyyyyyyyyyyyyyy
B0001894 yyyyyyyyyyyyyyyyyyyyyyyyyyyyyyyyyyyyyyyyyyyyyyy
B0001896 yyyyyyyyyyyyyyyyyyyyyyyyyyyyyyyyyyyyyyyyyyyyyyyy
B0001898 yyyyyyyyyyyyyyyyyyyyyyyyyyyyyyyyyyyyyyyyyyyyyyyyy
B0001900 
B0001902 y
B0001904 yy
B0001906 yyy
B0001908 yyyy
B0001910 yyyyy
B0001912 yyyyyy
B0001914 yyyyyyy
B0001916 yyyyyyyy
B0001918 yyyyyyyyy
B0001920 yyyyyyyyyy
B0001922 yyyyyyyyyyy
B0001924 yyyyyyyyyyyy
B0001926 yyyyyyyyyyyyy
B0001928 yyyyyyyyyyyyyy
B0001930 yyyyyyyyyyyyyyy
B0001932 yyyyyyyyyyyyyyyy
B0001934 yyyyyyyyyyyyyyyyy
B0001936 yyyyyyyyyyyyyyyyyy
B0001938 yyyyyyyyyyyyyyyyyyy
B0001940 yyyyyyyyyyyyyyyyyyyy
B0001942 yyyyyyyyyyyyyyyyyyyyy
B0001944 yyyyyyyyyyyyyyyyyyyyyy
B0001946 yyyyyyyyyyyyyyyyyyyyyyy
B0001948 yyyyyyyyyyyyyyyyyyyyyyyy
B0001950 yyyyyyyyyyyyyyyyyyyyyyyyy
B0001952 yyyyyyyyyyyyyyyyyyyyyyyyyy
B0001954 yyyyyyyyyyyyyyyyyyyyyyyyyyy
B0001956 yyyyyyyyyyyyyyyyyyyyyyyyyyyy
B0001958 yyyyyyyyyyyyyyyyyyyyyyyyyyyyy
B0001960 yyyyyyyyyyyyyyyyyyyyyyyyyyyyyy
B0001962 yyyyyyyyyyyyyyyyyyyyyyyyyyyyyyy
B0001964 yyyyyyyyyyyyyyyyyyyyyyyyyyyyyyyy
B0001966 yyyyyyyyyyyyyyyyyyyyyyyyyyyyyyyyy
B0001968 yyyyyyyyyyyyyyyyyyyyyyyyyyyyyyyyyy
B0001970 yyyyyyyyyyyyyyyyyyyyyyyyyyyyyyyyyyy
B0001972 yyyyyyyyyyyyyyyyyyyyyyyyyyyyyyyyyyyy
B0001974 yyyyyyyyyyyyyyyyyyyyyyyyyyyyyyyyyyyyy
B0001976 yyyyyyyyyyyyyyyyyyyyyyyyyyyyyyyyyyyyyy
B0001978 yyyyyyyyyyyyyyyyyyyyyyyyyyyyyyyyyyyyyyy
B0001980 yyyyyyyyyyyyyyyyyyyyyyyyyyyyyyyyyyyyyyyy
B0001982 yyyyyyyyyyyyyyyyyyyyyyyyyyyyyyyyyyyyyyyyy
B0001984 yyyyyyyyyyyyyyyyyyyyyyyyyyyyyyyyyyyyyyyyyy
B0001986 yyyyyyyyyyyyyyyyyyyyyyyyyyyyyyyyyyyyyyyyyyy
B0001988 yyyyyyyyyyyyyyyyyyyyyyyyyyyyyyyyyyyyyyyyyyyy
B0001990 yyyyyyyyyyyyyyyyyyyyyyyyyyyyyyyyyyyyyyyyyyyyy
B0001992 yyyyyyyyyyyyyyyyyyyyyyyyyyyyyyyyyyyyyyyyyyyyyy
B0001994 yyyyyyyyyyyyyyyyyyyyyyyyyyyyyyyyyyyyyyyyyyyyyyy
B0001996 yyyyyyyyyyyyyyyyyyyyyyyyyyyyyyyyyyyyyyyyyyyyyyyy
B0001998 yyyyyyyyyyyyyyyyyyyyyyyyyyyyyyyyyyyyyyyyyyyyyyyyy
B0002000 
B0002002 y
B0002004 yy
B0002006 yyy
B0002008 yyyy
B0002010 yyyyy
B0002012 yyyyyy
B0002014 yyyyyyy
B0002016 yyyyyyyy
B0002018 yyyyyyyyy
B0002020 yyyyyyyyyy
B0002022 yyyyyyyyyyy
B0002024 yyyyyyyyyyyy
B0002026 yyyyyyyyyyyyy
B0002028 yyyyyyyyyyyyyy
B0002030 yyyyyyyyyyyyyyy
B0002032 yyyyyyyyyyyyyyyy
B0002034 yyyyyyyyyyyyyyyyy
B0002036 yyyyyyyyyyyyyyyyyy
B0002038 yyyyyyyyyyyyyyyyyyy
B0002040 yyyyyyyyyyyyyyyyyyyy
B0002042 yyyyyyyyyyyyyyyyyyyyy
B0002044 yyyyyyyyyyyyyyyyyyyyyy
B0002046 yyyyyyyyyyyyyyyyyyyyyyy
B0002048 yyyyyyyyyyyyyyyyyyyyyyyy
B0002050 yyyyyyyyyyyyyyyyyyyyyyyyy
B0002052 yyyyyyyyyyyyyyyyyyyyyyyyyy
B0002054 yyyyyyyyyyyyyyyyyyyyyyyyyyy
B0002056 yyyyyyyyyyyyyyyyyyyyyyyyyyyy
B0002058 yyyyyyyyyyyyyyyyyyyyyyyyyyyyy
B0002060 yyyyyyyyyyyyyyyyyyyyyyyyyyyyyy
B0002062 yyyyyyyyyyyyyyyyyyyyyyyyyyyyyyy
B0002064 yyyyyyyyyyyyyyyyyyyyyyyyyyyyyyyy
B0002066 yyyyyyyyyyyyyyyyyyyyyyyyyyyyyyyyy
B0002068 yyyyyyyyyyyyyyyyyyyyyyyyyyyyyyyyyy
B0002070 yyyyyyyyyyyyyyyyyyyyyyyyyyyyyyyyyyy
B0002072 yyyyyyyyyyyyyyyyyyyyyyyyyyyyyyyyyyyy
B0002074 yyyyyyyyyyyyyyyyyyyyyyyyyyyyyyyyyyyyy
B0002076 yyyyyyyyyyyyyyyyyyyyyyyyyyyyyyyyyyyyyy
B0002078 yyyyyyyyyyyyyyyyyyyyyyyyyyyyyyyyyyyyyyy
B0002080 yyyyyyyyyyyyyyyyyyyyyyyyyyyyyyyyyyyyyyyy
B0002082 yyyyyyyyyyyyyyyyyyyyyyyyyyyyyyyyyyyyyyyyy
B0002084 yyyyyyyyyyyyyyyyyyyyyyyyyyyyyyyyyyyyyyyyyy
B0002086 yyyyyyyyyyyyyyyyyyyyyyyyyyyyyyyyyyyyyyyyyyy
B0002088 yyyyyyyyyyyyyyyyyyyyyyyyyyyyyyyyyyyyyyyyyyyy
B0002090 yyyyyyyyyyyyyyyyyyyyyyyyyyyyyyyyyyyyyyyyyyyyy
B0002092 yyyyyyyyyyyyyyyyyyyyyyyyyyyyyyyyyyyyyyyyyyyyyy
B0002094 yyyyyyyyyyyyyyyyyyyyyyyyyyyyyyyyyyyyyyyyyyyyyyy
B0002096 yyyyyyyyyyyyyyyyyyyyyyyyyyyyyyyyyyyyyyyyyyyyyyyy
B0002098 yyyyyyyyyyyyyyyyyyyyyyyyyyyyyyyyyyyyyyyyyyyyyyyyy
B0002100 
B0002102 y
B0002104 yy
B0002106 yyy
B0002108 yyyy
B0002110 yyyyy
B0002112 yyyyyy
B0002114 yyyyyyy
B0002116 yyyyyyyy
B0002118 yyyyyyyyy
B0002120 yyyyyyyyyy
B0002122 yyyyyyyyyyy
B0002124 yyyyyyyyyyyy
B0002126 yyyyyyyyyyyyy
B0002128 yyyyyyyyyyyyyy
B0002130 yyyyyyyyyyyyyyy
B0002132 yyyyyyyyyyyyyyyy
B0002134 yyyyyyyyyyyyyyyyy
B0002136 yyyyyyyyyyyyyyyyyy
B0002138 yyyyyyyyyyyyyyyyyyy
B0002140 yyyyyyyyyyyyyyyyyyyy
B0002142 yyyyyyyyyyyyyyyyyyyyy
B0002144 yyyyyyyyyyyyyyyyyyyyyy
B0002146 yyyyyyyyyyyyyyyyyyyyyyy
B0002148 yyyyyyyyyyyyyyyyyyyyyyyy
B0002150 yyyyyyyyyyyyyyyyyyyyyyyyy
B0002152 yyyyyyyyyyyyyyyyyyyyyyyyyy
B0002154 yyyyyyyyyyyyyyyyyyyyyyyyyyy
B0002156 yyyyyyyyyyyyyyyyyyyyyyyyyyyy
B0002158 yyyyyyyyyyyyyyyyyyyyyyyyyyyyy
B0002160 yyyyyyyyyyyyyyyyyyyyyyyyyyyyyy
B0002162 yyyyyyyyyyyyyyyyyyyyyyyyyyyyyyy
B0002164 yyyyyyyyyyyyyyyyyyyyyyyyyyyyyyyy
B0002166 yyyyyyyyyyyyyyyyyyyyyyyyyyyyyyyyy
B0002168 yyyyyyyyyyyyyyyyyyyyyyyyyyyyyyyyyy
B0002170 yyyyyyyyyyyyyyyyyyyyyyyyyyyyyyyyyyy
B0002172 yyyyyyyyyyyyyyyyyyyyyyyyyyyyyyyyyyyy
B0002174 yyyyyyyyyyyyyyyyyyyyyyyyyyyyyyyyyyyyy
B0002176 yyyyyyyyyyyyyyyyyyyyyyyyyyyyyyyyyyyyyy
B0002178 yyyyyyyyyyyyyyyyyyyyyyyyyyyyyyyyyyyyyyy
B0002180 yyyyyyyyyyyyyyyyyyyyyyyyyyyyyyyyyyyyyyyy
B0002182 yyyyyyyyyyyyyyyyyyyyyyyyyyyyyyyyyyyyyyyyy
B0002184 yyyyyyyyyyyyyyyyyyyyyyyyyyyyyyyyyyyyyyyyyy
B0002186 yyyyyyyyyyyyyyyyyyyyyyyyyyyyyyyyyyyyyyyyyyy
B0002188 yyyyyyyyyyyyyyyyyyyyyyyyyyyyyyyyyyyyyyyyyyyy
B0002190 yyyyyyyyyyyyyyyyyyyyyyyyyyyyyyyyyyyyyyyyyyyyy
B0002192 yyyyyyyyyyyyyyyyyyyyyyyyyyyyyyyyyyyyyyyyyyyyyy
B0002194 yyyyyyyyyyyyyyyyyyyyyyyyyyyyyyyyyyyyyyyyyyyyyyy
B0002196 yyyyyyyyyyyyyyyyyyyyyyyyyyyyyyyyyyyyyyyyyyyyyyyy
B0002198 yyyyyyyyyyyyyyyyyyyyyyyyyyyyyyyyyyyyyyyyyyyyyyyyy
B0002200 
B0002202 y
B0002204 yy
B0002206 yyy
B0002208 yyyy
B0002210 yyyyy
B0002212 yyyyyy
B0002214 yyyyyyy
B0002216 yyyyyyyy
B0002218 yyyyyyyyy
B0002220 yyyyyyyyyy
B0002222 yyyyyyyyyyy
B0002224 yyyyyyyyyyyy
B0002226 yyyyyyyyyyyyy
B0002228 yyyyyyyyyyyyyy
B0002230 yyyyyyyyyyyyyyy
B0002232 yyyyyyyyyyyyyyyy
B0002234 yyyyyyyyyyyyyyyyy
B0002236 yyyyyyyyyyyyyyyyyy
B0002238 yyyyyyyyyyyyyyyyyyy
B0002240 yyyyyyyyyyyyyyyyyyyy
B0002242 yyyyyyyyyyyyyyyyyyyyy
B0002244 yyyyyyyyyyyyyyyyyyyyyy
B0002246 yyyyyyyyyyyyyyyyyyyyyyy
B0002248 yyyyyyyyyyyyyyyyyyyyyyyy
B0002250 yyyyyyyyyyyyyyyyyyyyyyyyy
B0002252 yyyyyyyyyyyyyyyyyyyyyyyyyy
B0002254 yyyyyyyyyyyyyyyyyyyyyyyyyyy
B0002256 yyyyyyyyyyyyyyyyyyyyyyyyyyyy
B0002258 yyyyyyyyyyyyyyyyyyyyyyyyyyyyy
B0002260 yyyyyyyyyyyyyyyyyyyyyyyyyyyyyy
B0002262 yyyyyyyyyyyyyyyyyyyyyyyyyyyyyyy
B0002264 yyyyyyyyyyyyyyyyyyyyyyyyyyyyyyyy
B0002266 yyyyyyyyyyyyyyyyyyyyyyyyyyyyyyyyy
B0002268 yyyyyyyyyyyyyyyyyyyyyyyyyyyyyyyyyy
B0002270 yyyyyyyyyyyyyyyyyyyyyyyyyyyyyyyyyyy
B0002272 yyyyyyyyyyyyyyyyyyyyyyyyyyyyyyyyyyyy
B0002274 yyyyyyyyyyyyyyyyyyyyyyyyyyyyyyyyyyyyy
B0002276 yyyyyyyyyyyyyyyyyyyyyyyyyyyyyyyyyyyyyy
B0002278 yyyyyyyyyyyyyyyyyyyyyyyyyyyyyyyyyyyyyyy
B0002280 yyyyyyyyyyyyyyyyyyyyyyyyyyyyyyyyyyyyyyyy
B0002282 yyyyyyyyyyyyyyyyyyyyyyyyyyyyyyyyyyyyyyyyy
B0002284 yyyyyyyyyyyyyyyyyyyyyyyyyyyyyyyyyyyyyyyyyy
B0002286 yyyyyyyyyyyyyyyyyyyyyyyyyyyyyyyyyyyyyyyyyyy
B0002288 yyyyyyyyyyyyyyyyyyyyyyyyyyyyyyyyyyyyyyyyyyyy
B0002290 yyyyyyyyyyyyyyyyyyyyyyyyyyyyyyyyyyyyyyyyyyyyy
B0002292 yyyyyyyyyyyyyyyyyyyyyyyyyyyyyyyyyyyyyyyyyyyyyy
B0002294 yyyyyyyyyyyyyyyyyyyyyyyyyyyyyyyyyyyyyyyyyyyyyyy
B0002296 yyyyyyyyyyyyyyyyyyyyyyyyyyyyyyyyyyyyyyyyyyyyyyyy
B0002298 yyyyyyyyyyyyyyyyyyyyyyyyyyyyyyyyyyyyyyyyyyyyyyyyy
B0002300 
B0002302 y
B0002304 yy
B0002306 yyy
B0002308 yyyy
B0002310 yyyyy
B0002312 yyyyyy
B0002314 yyyyyyy
B0002316 yyyyyyyy
B0002318 yyyyyyyyy
B0002320 yyyyyyyyyy
B0002322 yyyyyyyyyyy
B0002324 yyyyyyyyyyyy
B0002326 yyyyyyyyyyyyy
B0002328 yyyyyyyyyyyyyy
B0002330 yyyyyyyyyyyyyyy
B0002332 yyyyyyyyyyyyyyyy
B0002334 yyyyyyyyyyyyyyyyy
B0002336 yyyyyyyyyyyyyyyyyy
B0002338 yyyyyyyyyyyyyyyyyyy
B0002340 yyyyyyyyyyyyyyyyyyyy
B0002342 yyyyyyyyyyyyyyyyyyyyy
B0002344 yyyyyyyyyyyyyyyyyyyyyy
B0002346 yyyyyyyyyyyyyyyyyyyyyyy
B0002348 yyyyyyyyyyyyyyyyyyyyyyyy
B0002350 yyyyyyyyyyyyyyyyyyyyyyyyy
B0002352 yyyyyyyyyyyyyyyyyyyyyyyyyy
B0002354 yyyyyyyyyyyyyyyyyyyyyyyyyyy
B0002356 yyyyyyyyyyyyyyyyyyyyyyyyyyyy
B0002358 yyyyyyyyyyyyyyyyyyyyyyyyyyyyy
B0002360 yyyyyyyyyyyyyyyyyyyyyyyyyyyyyy
B0002362 yyyyyyyyyyyyyyyyyyyyyyyyyyyyyyy
B0002364 yyyyyyyyyyyyyyyyyyyyyyyyyyyyyyyy
B0002366 yyyyyyyyyyyyyyyyyyyyyyyyyyyyyyyyy
B0002368 yyyyyyyyyyyyyyyyyyyyyyyyyyyyyyyyyy
B0002370 yyyyyyyyyyyyyyyyyyyyyyyyyyyyyyyyyyy
B0002372 yyyyyyyyyyyyyyyyyyyyyyyyyyyyyyyyyyyy
B0002374 yyyyyyyyyyyyyyyyyyyyyyyyyyyyyyyyyyyyy
B0002376 yyyyyyyyyyyyyyyyyyyyyyyyyyyyyyyyyyyyyy
B0002378 yyyyyyyyyyyyyyyyyyyyyyyyyyyyyyyyyyyyyyy
B0002380 yyyyyyyyyyyyyyyyyyyyyyyyyyyyyyyyyyyyyyyy
B0002382 yyyyyyyyyyyyyyyyyyyyyyyyyyyyyyyyyyyyyyyyy
B0002384 yyyyyyyyyyyyyyyyyyyyyyyyyyyyyyyyyyyyyyyyyy
B0002386 yyyyyyyyyyyyyyyyyyyyyyyyyyyyyyyyyyyyyyyyyyy
B0002388 yyyyyyyyyyyyyyyyyyyyyyyyyyyyyyyyyyyyyyyyyyyy
B0002390 yyyyyyyyyyyyyyyyyyyyyyyyyyyyyyyyyyyyyyyyyyyyy
B0002392 yyyyyyyyyyyyyyyyyyyyyyyyyyyyyyyyyyyyyyyyyyyyyy
B0002394 yyyyyyyyyyyyyyyyyyyyyyyyyyyyyyyyyyyyyyyyyyyyyyy
B0002396 yyyyyyyyyyyyyyyyyyyyyyyyyyyyyyyyyyyyyyyyyyyyyyyy
B0002398 yyyyyyyyyyyyyyyyyyyyyyyyyyyyyyyyyyyyyyyyyyyyyyyyy
B0002400 
B0002402 y
B0002404 yy
B0002406 yyy
B0002408 yyyy
B0002410 yyyyy
B0002412 yyyyyy
B0002414 yyyyyyy
B0002416 yyyyyyyy
B0002418 yyyyyyyyy
B0002420 yyyyyyyyyy
B0002422 yyyyyyyyyyy
B0002424 yyyyyyyyyyyy
B0002426 yyyyyyyyyyyyy
B0002428 yyyyyyyyyyyyyy
B0002430 yyyyyyyyyyyyyyy
B0002432 yyyyyyyyyyyyyyyy
B0002434 yyyyyyyyyyyyyyyyy
B0002436 yyyyyyyyyyyyyyyyyy
B0002438 yyyyyyyyyyyyyyyyyyy
B0002440 yyyyyyyyyyyyyyyyyyyy
B0002442 yyyyyyyyyyyyyyyyyyyyy
B0002444 yyyyyyyyyyyyyyyyyyyyyy
B0002446 yyyyyyyyyyyyyyyyyyyyyyy
B0002448 yyyyyyyyyyyyyyyyyyyyyyyy
B0002450 yyyyyyyyyyyyyyyyyyyyyyyyy
B0002452 yyyyyyyyyyyyyyyyyyyyyyyyyy
B0002454 yyyyyyyyyyyyyyyyyyyyyyyyyyy
B0002456 yyyyyyyyyyyyyyyyyyyyyyyyyyyy
B0002458 yyyyyyyyyyyyyyyyyyyyyyyyyyyyy
B0002460 yyyyyyyyyyyyyyyyyyyyyyyyyyyyyy
B0002462 yyyyyyyyyyyyyyyyyyyyyyyyyyyyyyy
B0002464 yyyyyyyyyyyyyyyyyyyyyyyyyyyyyyyy
B0002466 yyyyyyyyyyyyyyyyyyyyyyyyyyyyyyyyy
B0002468 yyyyyyyyyyyyyyyyyyyyyyyyyyyyyyyyyy
B0002470 yyyyyyyyyyyyyyyyyyyyyyyyyyyyyyyyyyy
B0002472 yyyyyyyyyyyyyyyyyyyyyyyyyyyyyyyyyyyy
B0002474 yyyyyyyyyyyyyyyyyyyyyyyyyyyyyyyyyyyyy
B0002476 yyyyyyyyyyyyyyyyyyyyyyyyyyyyyyyyyyyyyy
B0002478 yyyyyyyyyyyyyyyyyyyyyyyyyyyyyyyyyyyyyyy
B0002480 yyyyyyyyyyyyyyyyyyyyyyyyyyyyyyyyyyyyyyyy
B0002482 yyyyyyyyyyyyyyyyyyyyyyyyyyyyyyyyyyyyyyyyy
B0002484 yyyyyyyyyyyyyyyyyyyyyyyyyyyyyyyyyyyyyyyyyy
B0002486 yyyyyyyyyyyyyyyyyyyyyyyyyyyyyyyyyyyyyyyyyyy
B0002488 yyyyyyyyyyyyyyyyyyyyyyyyyyyyyyyyyyyyyyyyyyyy
B0002490 yyyyyyyyyyyyyyyyyyyyyyyyyyyyyyyyyyyyyyyyyyyyy
B0002492 yyyyyyyyyyyyyyyyyyyyyyyyyyyyyyyyyyyyyyyyyyyyyy
B0002494 yyyyyyyyyyyyyyyyyyyyyyyyyyyyyyyyyyyyyyyyyyyyyyy
B0002496 yyyyyyyyyyyyyyyyyyyyyyyyyyyyyyyyyyyyyyyyyyyyyyyy
B0002498 yyyyyyyyyyyyyyyyyyyyyyyyyyyyyyyyyyyyyyyyyyyyyyyyy
B0002500 
B0002502 y
B0002504 yy
B0002506 yyy
B0002508 yyyy
B0002510 yyyyy
B0002512 yyyyyy
B0002514 yyyyyyy
B0002516 yyyyyyyy
B0002518 yyyyyyyyy
B0002520 yyyyyyyyyy
B0002522 yyyyyyyyyyy
B0002524 yyyyyyyyyyyy
B0002526 yyyyyyyyyyyyy
B0002528 yyyyyyyyyyyyyy
B0002530 yyyyyyyyyyyyyyy
B0002532 yyyyyyyyyyyyyyyy
B0002534 yyyyyyyyyyyyyyyyy
B0002536 yyyyyyyyyyyyyyyyyy
B0002538 yyyyyyyyyyyyyyyyyyy
B0002540 yyyyyyyyyyyyyyyyyyyy
B0002542 yyyyyyyyyyyyyyyyyyyyy
B0002544 yyyyyyyyyyyyyyyyyyyyyy
B0002546 yyyyyyyyyyyyyyyyyyyyyyy
B0002548 yyyyyyyyyyyyyyyyyyyyyyyy
B0002550 yyyyyyyyyyyyyyyyyyyyyyyyy
B0002552 yyyyyyyyyyyyyyyyyyyyyyyyyy
B0002554 yyyyyyyyyyyyyyyyyyyyyyyyyyy
B0002556 yyyyyyyyyyyyyyyyyyyyyyyyyyyy
B0002558 yyyyyyyyyyyyyyyyyyyyyyyyyyyyy
B0002560 yyyyyyyyyyyyyyyyyyyyyyyyyyyyyy
B0002562 yyyyyyyyyyyyyyyyyyyyyyyyyyyyyyy
B0002564 yyyyyyyyyyyyyyyyyyyyyyyyyyyyyyyy
B0002566 yyyyyyyyyyyyyyyyyyyyyyyyyyyyyyyyy
B0002568 yyyyyyyyyyyyyyyyyyyyyyyyyyyyyyyyyy
B0002570 yyyyyyyyyyyyyyyyyyyyyyyyyyyyyyyyyyy
B0002572 yyyyyyyyyyyyyyyyyyyyyyyyyyyyyyyyyyyy
B0002574 yyyyyyyyyyyyyyyyyyyyyyyyyyyyyyyyyyyyy
B0002576 yyyyyyyyyyyyyyyyyyyyyyyyyyyyyyyyyyyyyy
B0002578 yyyyyyyyyyyyyyyyyyyyyyyyyyyyyyyyyyyyyyy
B0002580 yyyyyyyyyyyyyyyyyyyyyyyyyyyyyyyyyyyyyyyy
B0002582 yyyyyyyyyyyyyyyyyyyyyyyyyyyyyyyyyyyyyyyyy
B0002584 yyyyyyyyyyyyyyyyyyyyyyyyyyyyyyyyyyyyyyyyyy
B0002586 yyyyyyyyyyyyyyyyyyyyyyyyyyyyyyyyyyyyyyyyyyy
B0002588 yyyyyyyyyyyyyyyyyyyyyyyyyyyyyyyyyyyyyyyyyyyy
B0002590 yyyyyyyyyyyyyyyyyyyyyyyyyyyyyyyyyyyyyyyyyyyyy
B0002592 yyyyyyyyyyyyyyyyyyyyyyyyyyyyyyyyyyyyyyyyyyyyyy
B0002594 yyyyyyyyyyyyyyyyyyyyyyyyyyyyyyyyyyyyyyyyyyyyyyy
B0002596 yyyyyyyyyyyyyyyyyyyyyyyyyyyyyyyyyyyyyyyyyyyyyyyy
B0002598 yyyyyyyyyyyyyyyyyyyyyyyyyyyyyyyyyyyyyyyyyyyyyyyyy
B0002600 
B0002602 y
B0002604 yy
B0002606 yyy
B0002608 yyyy
B0002610 yyyyy
B0002612 yyyyyy
B0002614 yyyyyyy
B0002616 yyyyyyyy
B0002618 yyyyyyyyy
B0002620 yyyyyyyyyy
B0002622 yyyyyyyyyyy
B0002624 yyyyyyyyyyyy
B0002626 yyyyyyyyyyyyy
B0002628 yyyyyyyyyyyyyy
B0002630 yyyyyyyyyyyyyyy
B0002632 yyyyyyyyyyyyyyyy
B0002634 yyyyyyyyyyyyyyyyy
B0002636 yyyyyyyyyyyyyyyyyy
B0002638 yyyyyyyyyyyyyyyyyyy
B0002640 yyyyyyyyyyyyyyyyyyyy
B0002642 yyyyyyyyyyyyyyyyyyyyy
B0002644 yyyyyyyyyyyyyyyyyyyyyy
B0002646 yyyyyyyyyyyyyyyyyyyyyyy
B0002648 yyyyyyyyyyyyyyyyyyyyyyyy
B0002650 yyyyyyyyyyyyyyyyyyyyyyyyy
B0002652 yyyyyyyyyyyyyyyyyyyyyyyyyy
B0002654 yyyyyyyyyyyyyyyyyyyyyyyyyyy
B0002656 yyyyyyyyyyyyyyyyyyyyyyyyyyyy
B0002658 yyyyyyyyyyyyyyyyyyyyyyyyyyyyy
B0002660 yyyyyyyyyyyyyyyyyyyyyyyyyyyyyy
B0002662 yyyyyyyyyyyyyyyyyyyyyyyyyyyyyyy
B0002664 yyyyyyyyyyyyyyyyyyyyyyyyyyyyyyyy
B0002666 yyyyyyyyyyyyyyyyyyyyyyyyyyyyyyyyy
B0002668 yyyyyyyyyyyyyyyyyyyyyyyyyyyyyyyyyy
B0002670 yyyyyyyyyyyyyyyyyyyyyyyyyyyyyyyyyyy
B0002672 yyyyyyyyyyyyyyyyyyyyyyyyyyyyyyyyyyyy
B0002674 yyyyyyyyyyyyyyyyyyyyyyyyyyyyyyyyyyyyy
B0002676 yyyyyyyyyyyyyyyyyyyyyyyyyyyyyyyyyyyyyy
B0002678 yyyyyyyyyyyyyyyyyyyyyyyyyyyyyyyyyyyyyyy
B0002680 yyyyyyyyyyyyyyyyyyyyyyyyyyyyyyyyyyyyyyyy
B0002682 yyyyyyyyyyyyyyyyyyyyyyyyyyyyyyyyyyyyyyyyy
B0002684 yyyyyyyyyyyyyyyyyyyyyyyyyyyyyyyyyyyyyyyyyy
B0002686 yyyyyyyyyyyyyyyyyyyyyyyyyyyyyyyyyyyyyyyyyyy
B0002688 yyyyyyyyyyyyyyyyyyyyyyyyyyyyyyyyyyyyyyyyyyyy
B0002690 yyyyyyyyyyyyyyyyyyyyyyyyyyyyyyyyyyyyyyyyyyyyy
B0002692 yyyyyyyyyyyyyyyyyyyyyyyyyyyyyyyyyyyyyyyyyyyyyy
B0002694 yyyyyyyyyyyyyyyyyyyyyyyyyyyyyyyyyyyyyyyyyyyyyyy
B0002696 yyyyyyyyyyyyyyyyyyyyyyyyyyyyyyyyyyyyyyyyyyyyyyyy
B0002698 yyyyyyyyyyyyyyyyyyyyyyyyyyyyyyyyyyyyyyyyyyyyyyyyy
B0002700 
B0002702 y
B0002704 yy
B0002706 yyy
B0002708 yyyy
B0002710 yyyyy
B0002712 yyyyyy
B0002714 yyyyyyy
B0002716 yyyyyyyy
B0002718 yyyyyyyyy
B0002720 yyyyyyyyyy
B0002722 yyyyyyyyyyy
B0002724 yyyyyyyyyyyy
B0002726 yyyyyyyyyyyyy
B0002728 yyyyyyyyyyyyyy
B0002730 yyyyyyyyyyyyyyy
B0002732 yyyyyyyyyyyyyyyy
B0002734 yyyyyyyyyyyyyyyyy
B0002736 yyyyyyyyyyyyyyyyyy
B0002738 yyyyyyyyyyyyyyyyyyy
B0002740 yyyyyyyyyyyyyyyyyyyy
B0002742 yyyyyyyyyyyyyyyyyyyyy
B0002744 yyyyyyyyyyyyyyyyyyyyyy
B0002746 yyyyyyyyyyyyyyyyyyyyyyy
B0002748 yyyyyyyyyyyyyyyyyyyyyyyy
B0002750 yyyyyyyyyyyyyyyyyyyyyyyyy
B0002752 yyyyyyyyyyyyyyyyyyyyyyyyyy
B0002754 yyyyyyyyyyyyyyyyyyyyyyyyyyy
B0002756 yyyyyyyyyyyyyyyyyyyyyyyyyyyy
B0002758 yyyyyyyyyyyyyyyyyyyyyyyyyyyyy
B0002760 yyyyyyyyyyyyyyyyyyyyyyyyyyyyyy
B0002762 yyyyyyyyyyyyyyyyyyyyyyyyyyyyyyy
B0002764 yyyyyyyyyyyyyyyyyyyyyyyyyyyyyyyy
B0002766 yyyyyyyyyyyyyyyyyyyyyyyyyyyyyyyyy
B0002768 yyyyyyyyyyyyyyyyyyyyyyyyyyyyyyyyyy
B0002770 yyyyyyyyyyyyyyyyyyyyyyyyyyyyyyyyyyy
B0002772 yyyyyyyyyyyyyyyyyyyyyyyyyyyyyyyyyyyy
B0002774 yyyyyyyyyyyyyyyyyyyyyyyyyyyyyyyyyyyyy
B0002776 yyyyyyyyyyyyyyyyyyyyyyyyyyyyyyyyyyyyyy
B0002778 yyyyyyyyyyyyyyyyyyyyyyyyyyyyyyyyyyyyyyy
B0002780 yyyyyyyyyyyyyyyyyyyyyyyyyyyyyyyyyyyyyyyy
B0002782 yyyyyyyyyyyyyyyyyyyyyyyyyyyyyyyyyyyyyyyyy
B0002784 yyyyyyyyyyyyyyyyyyyyyyyyyyyyyyyyyyyyyyyyyy
B0002786 yyyyyyyyyyyyyyyyyyyyyyyyyyyyyyyyyyyyyyyyyyy
B0002788 yyyyyyyyyyyyyyyyyyyyyyyyyyyyyyyyyyyyyyyyyyyy
B0002790 yyyyyyyyyyyyyyyyyyyyyyyyyyyyyyyyyyyyyyyyyyyyy
B0002792 yyyyyyyyyyyyyyyyyyyyyyyyyyyyyyyyyyyyyyyyyyyyyy
B0002794 yyyyyyyyyyyyyyyyyyyyyyyyyyyyyyyyyyyyyyyyyyyyyyy
B0002796 yyyyyyyyyyyyyyyyyyyyyyyyyyyyyyyyyyyyyyyyyyyyyyyy
B0002798 yyyyyyyyyyyyyyyyyyyyyyyyyyyyyyyyyyyyyyyyyyyyyyyyy
B0002800 
B0002802 y
B0002804 yy
B0002806 yyy
B0002808 yyyy
B0002810 yyyyy
B0002812 yyyyyy
B0002814 yyyyyyy
B0002816 yyyyyyyy
B0002818 yyyyyyyyy
B0002820 yyyyyyyyyy
B0002822 yyyyyyyyyyy
B0002824 yyyyyyyyyyyy
B0002826 yyyyyyyyyyyyy
B0002828 yyyyyyyyyyyyyy
B0002830 yyyyyyyyyyyyyyy
B0002832 yyyyyyyyyyyyyyyy
B0002834 yyyyyyyyyyyyyyyyy
B0002836 yyyyyyyyyyyyyyyyyy
B0002838 yyyyyyyyyyyyyyyyyyy
B0002840 yyyyyyyyyyyyyyyyyyyy
B0002842 yyyyyyyyyyyyyyyyyyyyy
B0002844 yyyyyyyyyyyyyyyyyyyyyy
B0002846 yyyyyyyyyyyyyyyyyyyyyyy
B0002848 yyyyyyyyyyyyyyyyyyyyyyyy
B0002850 yyyyyyyyyyyyyyyyyyyyyyyyy
B0002852 yyyyyyyyyyyyyyyyyyyyyyyyyy
B0002854 yyyyyyyyyyyyyyyyyyyyyyyyyyy
B0002856 yyyyyyyyyyyyyyyyyyyyyyyyyyyy
B0002858 yyyyyyyyyyyyyyyyyyyyyyyyyyyyy
B0002860 yyyyyyyyyyyyyyyyyyyyyyyyyyyyyy
B0002862 yyyyyyyyyyyyyyyyyyyyyyyyyyyyyyy
B0002864 yyyyyyyyyyyyyyyyyyyyyyyyyyyyyyyy
B0002866 yyyyyyyyyyyyyyyyyyyyyyyyyyyyyyyyy
B0002868 yyyyyyyyyyyyyyyyyyyyyyyyyyyyyyyyyy
B0002870 yyyyyyyyyyyyyyyyyyyyyyyyyyyyyyyyyyy
B0002872 yyyyyyyyyyyyyyyyyyyyyyyyyyyyyyyyyyyy
B0002874 yyyyyyyyyyyyyyyyyyyyyyyyyyyyyyyyyyyyy
B0002876 yyyyyyyyyyyyyyyyyyyyyyyyyyyyyyyyyyyyyy
B0002878 yyyyyyyyyyyyyyyyyyyyyyyyyyyyyyyyyyyyyyy
B0002880 yyyyyyyyyyyyyyyyyyyyyyyyyyyyyyyyyyyyyyyy
B0002882 yyyyyyyyyyyyyyyyyyyyyyyyyyyyyyyyyyyyyyyyy
B0002884 yyyyyyyyyyyyyyyyyyyyyyyyyyyyyyyyyyyyyyyyyy
B0002886 yyyyyyyyyyyyyyyyyyyyyyyyyyyyyyyyyyyyyyyyyyy
B0002888 yyyyyyyyyyyyyyyyyyyyyyyyyyyyyyyyyyyyyyyyyyyy
B0002890 yyyyyyyyyyyyyyyyyyyyyyyyyyyyyyyyyyyyyyyyyyyyy
B0002892 yyyyyyyyyyyyyyyyyyyyyyyyyyyyyyyyyyyyyyyyyyyyyy
B0002894 yyyyyyyyyyyyyyyyyyyyyyyyyyyyyyyyyyyyyyyyyyyyyyy
B0002896 yyyyyyyyyyyyyyyyyyyyyyyyyyyyyyyyyyyyyyyyyyyyyyyy
B0002898 yyyyyyyyyyyyyyyyyyyyyyyyyyyyyyyyyyyyyyyyyyyyyyyyy
B0002900 
B0002902 y
B0002904 yy
B0002906 yyy
B0002908 yyyy
B0002910 yyyyy
B0002912 yyyyyy
B0002914 yyyyyyy
B0002916 yyyyyyyy
B0002918 yyyyyyyyy
B0002920 yyyyyyyyyy
B0002922 yyyyyyyyyyy
B0002924 yyyyyyyyyyyy
B0002926 yyyyyyyyyyyyy
B0002928 yyyyyyyyyyyyyy
B0002930 yyyyyyyyyyyyyyy
B0002932 yyyyyyyyyyyyyyyy
B0002934 yyyyyyyyyyyyyyyyy
B0002936 yyyyyyyyyyyyyyyyyy
B0002938 yyyyyyyyyyyyyyyyyyy
B0002940 yyyyyyyyyyyyyyyyyyyy
B0002942 yyyyyyyyyyyyyyyyyyyyy
B0002944 yyyyyyyyyyyyyyyyyyyyyy
B0002946 yyyyyyyyyyyyyyyyyyyyyyy
B0002948 yyyyyyyyyyyyyyyyyyyyyyyy
B0002950 yyyyyyyyyyyyyyyyyyyyyyyyy
B0002952 yyyyyyyyyyyyyyyyyyyyyyyyyy
B0002954 yyyyyyyyyyyyyyyyyyyyyyyyyyy
B0002956 yyyyyyyyyyyyyyyyyyyyyyyyyyyy
B0002958 yyyyyyyyyyyyyyyyyyyyyyyyyyyyy
B0002960 yyyyyyyyyyyyyyyyyyyyyyyyyyyyyy
B0002962 yyyyyyyyyyyyyyyyyyyyyyyyyyyyyyy
B0002964 yyyyyyyyyyyyyyyyyyyyyyyyyyyyyyyy
B0002966 yyyyyyyyyyyyyyyyyyyyyyyyyyyyyyyyy
B0002968 yyyyyyyyyyyyyyyyyyyyyyyyyyyyyyyyyy
B0002970 yyyyyyyyyyyyyyyyyyyyyyyyyyyyyyyyyyy
B0002972 yyyyyyyyyyyyyyyyyyyyyyyyyyyyyyyyyyyy
B0002974 yyyyyyyyyyyyyyyyyyyyyyyyyyyyyyyyyyyyy
B0002976 yyyyyyyyyyyyyyyyyyyyyyyyyyyyyyyyyyyyyy
B0002978 yyyyyyyyyyyyyyyyyyyyyyyyyyyyyyyyyyyyyyy
B0002980 yyyyyyyyyyyyyyyyyyyyyyyyyyyyyyyyyyyyyyyy
B0002982 yyyyyyyyyyyyyyyyyyyyyyyyyyyyyyyyyyyyyyyyy
B0002984 yyyyyyyyyyyyyyyyyyyyyyyyyyyyyyyyyyyyyyyyyy
B0002986 yyyyyyyyyyyyyyyyyyyyyyyyyyyyyyyyyyyyyyyyyyy
B0002988 yyyyyyyyyyyyyyyyyyyyyyyyyyyyyyyyyyyyyyyyyyyy
B0002990 yyyyyyyyyyyyyyyyyyyyyyyyyyyyyyyyyyyyyyyyyyyyy
B0002992 yyyyyyyyyyyyyyyyyyyyyyyyyyyyyyyyyyyyyyyyyyyyyy
B0002994 yyyyyyyyyyyyyyyyyyyyyyyyyyyyyyyyyyyyyyyyyyyyyyy
B0002996 yyyyyyyyyyyyyyyyyyyyyyyyyyyyyyyyyyyyyyyyyyyyyyyy
B0002998 yyyyyyyyyyyyyyyyyyyyyyyyyyyyyyyyyyyyyyyyyyyyyyyyy
B0003000 
B0003002 y
B0003004 yy
B0003006 yyy
B0003008 yyyy
B0003010 yyyyy
B0003012 yyyyyy
B0003014 yyyyyyy
B0003016 yyyyyyyy
B0003018 yyyyyyyyy
B0003020 yyyyyyyyyy
B0003022 yyyyyyyyyyy
B0003024 yyyyyyyyyyyy
B0003026 yyyyyyyyyyyyy
B0003028 yyyyyyyyyyyyyy
B0003030 yyyyyyyyyyyyyyy
B0003032 yyyyyyyyyyyyyyyy
B0003034 yyyyyyyyyyyyyyyyy
B0003036 yyyyyyyyyyyyyyyyyy
B0003038 yyyyyyyyyyyyyyyyyyy
B0003040 yyyyyyyyyyyyyyyyyyyy
B0003042 yyyyyyyyyyyyyyyyyyyyy
B0003044 yyyyyyyyyyyyyyyyyyyyyy
B0003046 yyyyyyyyyyyyyyyyyyyyyyy
B0003048 yyyyyyyyyyyyyyyyyyyyyyyy
B0003050 yyyyyyyyyyyyyyyyyyyyyyyyy
B0003052 yyyyyyyyyyyyyyyyyyyyyyyyyy
B0003054 yyyyyyyyyyyyyyyyyyyyyyyyyyy
B0003056 yyyyyyyyyyyyyyyyyyyyyyyyyyyy
B0003058 yyyyyyyyyyyyyyyyyyyyyyyyyyyyy
B0003060 yyyyyyyyyyyyyyyyyyyyyyyyyyyyyy
B0003062 yyyyyyyyyyyyyyyyyyyyyyyyyyyyyyy
B0003064 yyyyyyyyyyyyyyyyyyyyyyyyyyyyyyyy
B0003066 yyyyyyyyyyyyyyyyyyyyyyyyyyyyyyyyy
B0003068 yyyyyyyyyyyyyyyyyyyyyyyyyyyyyyyyyy
B0003070 yyyyyyyyyyyyyyyyyyyyyyyyyyyyyyyyyyy
B0003072 yyyyyyyyyyyyyyyyyyyyyyyyyyyyyyyyyyyy
B0003074 yyyyyyyyyyyyyyyyyyyyyyyyyyyyyyyyyyyyy
B0003076 yyyyyyyyyyyyyyyyyyyyyyyyyyyyyyyyyyyyyy
B0003078 yyyyyyyyyyyyyyyyyyyyyyyyyyyyyyyyyyyyyyy
B0003080 yyyyyyyyyyyyyyyyyyyyyyyyyyyyyyyyyyyyyyyy
B0003082 yyyyyyyyyyyyyyyyyyyyyyyyyyyyyyyyyyyyyyyyy
B0003084 yyyyyyyyyyyyyyyyyyyyyyyyyyyyyyyyyyyyyyyyyy
B0003086 yyyyyyyyyyyyyyyyyyyyyyyyyyyyyyyyyyyyyyyyyyy
B0003088 yyyyyyyyyyyyyyyyyyyyyyyyyyyyyyyyyyyyyyyyyyyy
B0003090 yyyyyyyyyyyyyyyyyyyyyyyyyyyyyyyyyyyyyyyyyyyyy
B0003092 yyyyyyyyyyyyyyyyyyyyyyyyyyyyyyyyyyyyyyyyyyyyyy
B0003094 yyyyyyyyyyyyyyyyyyyyyyyyyyyyyyyyyyyyyyyyyyyyyyy
B0003096 yyyyyyyyyyyyyyyyyyyyyyyyyyyyyyyyyyyyyyyyyyyyyyyy
B0003098 yyyyyyyyyyyyyyyyyyyyyyyyyyyyyyyyyyyyyyyyyyyyyyyyy
B0003100 
B0003102 y
B0003104 yy
B0003106 yyy
B0003108 yyyy
B0003110 yyyyy
B0003112 yyyyyy
B0003114 yyyyyyy
B0003116 yyyyyyyy
B0003118 yyyyyyyyy
B0003120 yyyyyyyyyy
B0003122 yyyyyyyyyyy
B0003124 yyyyyyyyyyyy
B0003126 yyyyyyyyyyyyy
B0003128 yyyyyyyyyyyyyy
B0003130 yyyyyyyyyyyyyyy
B0003132 yyyyyyyyyyyyyyyy
B0003134 yyyyyyyyyyyyyyyyy
B0003136 yyyyyyyyyyyyyyyyyy
B0003138 yyyyyyyyyyyyyyyyyyy
B0003140 yyyyyyyyyyyyyyyyyyyy
B0003142 yyyyyyyyyyyyyyyyyyyyy
B0003144 yyyyyyyyyyyyyyyyyyyyyy
B0003146 yyyyyyyyyyyyyyyyyyyyyyy
B0003148 yyyyyyyyyyyyyyyyyyyyyyyy
B0003150 yyyyyyyyyyyyyyyyyyyyyyyyy
B0003152 yyyyyyyyyyyyyyyyyyyyyyyyyy
B0003154 yyyyyyyyyyyyyyyyyyyyyyyyyyy
B0003156 yyyyyyyyyyyyyyyyyyyyyyyyyyyy
B0003158 yyyyyyyyyyyyyyyyyyyyyyyyyyyyy
B0003160 yyyyyyyyyyyyyyyyyyyyyyyyyyyyyy
B0003162 yyyyyyyyyyyyyyyyyyyyyyyyyyyyyyy
B0003164 yyyyyyyyyyyyyyyyyyyyyyyyyyyyyyyy
B0003166 yyyyyyyyyyyyyyyyyyyyyyyyyyyyyyyyy
B0003168 yyyyyyyyyyyyyyyyyyyyyyyyyyyyyyyyyy
B0003170 yyyyyyyyyyyyyyyyyyyyyyyyyyyyyyyyyyy
B0003172 yyyyyyyyyyyyyyyyyyyyyyyyyyyyyyyyyyyy
B0003174 yyyyyyyyyyyyyyyyyyyyyyyyyyyyyyyyyyyyy
B0003176 yyyyyyyyyyyyyyyyyyyyyyyyyyyyyyyyyyyyyy
B0003178 yyyyyyyyyyyyyyyyyyyyyyyyyyyyyyyyyyyyyyy
B0003180 yyyyyyyyyyyyyyyyyyyyyyyyyyyyyyyyyyyyyyyy
B0003182 yyyyyyyyyyyyyyyyyyyyyyyyyyyyyyyyyyyyyyyyy
B0003184 yyyyyyyyyyyyyyyyyyyyyyyyyyyyyyyyyyyyyyyyyy
B0003186 yyyyyyyyyyyyyyyyyyyyyyyyyyyyyyyyyyyyyyyyyyy
B0003188 yyyyyyyyyyyyyyyyyyyyyyyyyyyyyyyyyyyyyyyyyyyy
B0003190 yyyyyyyyyyyyyyyyyyyyyyyyyyyyyyyyyyyyyyyyyyyyy
B0003192 yyyyyyyyyyyyyyyyyyyyyyyyyyyyyyyyyyyyyyyyyyyyyy
B0003194 yyyyyyyyyyyyyyyyyyyyyyyyyyyyyyyyyyyyyyyyyyyyyyy
B0003196 yyyyyyyyyyyyyyyyyyyyyyyyyyyyyyyyyyyyyyyyyyyyyyyy
B0003198 yyyyyyyyyyyyyyyyyyyyyyyyyyyyyyyyyyyyyyyyyyyyyyyyy
B0003200 
B0003202 y
B0003204 yy
B0003206 yyy
B0003208 yyyy
B0003210 yyyyy
B0003212 yyyyyy
B0003214 yyyyyyy
B0003216 yyyyyyyy
B0003218 yyyyyyyyy
B0003220 yyyyyyyyyy
B0003222 yyyyyyyyyyy
B0003224 yyyyyyyyyyyy
B0003226 yyyyyyyyyyyyy
B0003228 yyyyyyyyyyyyyy
B0003230 yyyyyyyyyyyyyyy
B0003232 yyyyyyyyyyyyyyyy
B0003234 yyyyyyyyyyyyyyyyy
B0003236 yyyyyyyyyyyyyyyyyy
B0003238 yyyyyyyyyyyyyyyyyyy
B0003240 yyyyyyyyyyyyyyyyyyyy
B0003242 yyyyyyyyyyyyyyyyyyyyy
B0003244 yyyyyyyyyyyyyyyyyyyyyy
B0003246 yyyyyyyyyyyyyyyyyyyyyyy
B0003248 yyyyyyyyyyyyyyyyyyyyyyyy
B0003250 yyyyyyyyyyyyyyyyyyyyyyyyy
B0003252 yyyyyyyyyyyyyyyyyyyyyyyyyy
B0003254 yyyyyyyyyyyyyyyyyyyyyyyyyyy
B0003256 yyyyyyyyyyyyyyyyyyyyyyyyyyyy
B0003258 yyyyyyyyyyyyyyyyyyyyyyyyyyyyy
B0003260 yyyyyyyyyyyyyyyyyyyyyyyyyyyyyy
B0003262 yyyyyyyyyyyyyyyyyyyyyyyyyyyyyyy
B0003264 yyyyyyyyyyyyyyyyyyyyyyyyyyyyyyyy
B0003266 yyyyyyyyyyyyyyyyyyyyyyyyyyyyyyyyy
B0003268 yyyyyyyyyyyyyyyyyyyyyyyyyyyyyyyyyy
B0003270 yyyyyyyyyyyyyyyyyyyyyyyyyyyyyyyyyyy
B0003272 yyyyyyyyyyyyyyyyyyyyyyyyyyyyyyyyyyyy
B0003274 yyyyyyyyyyyyyyyyyyyyyyyyyyyyyyyyyyyyy
B0003276 yyyyyyyyyyyyyyyyyyyyyyyyyyyyyyyyyyyyyy
B0003278 yyyyyyyyyyyyyyyyyyyyyyyyyyyyyyyyyyyyyyy
B0003280 yyyyyyyyyyyyyyyyyyyyyyyyyyyyyyyyyyyyyyyy
B0003282 yyyyyyyyyyyyyyyyyyyyyyyyyyyyyyyyyyyyyyyyy
B0003284 yyyyyyyyyyyyyyyyyyyyyyyyyyyyyyyyyyyyyyyyyy
B0003286 yyyyyyyyyyyyyyyyyyyyyyyyyyyyyyyyyyyyyyyyyyy
B0003288 yyyyyyyyyyyyyyyyyyyyyyyyyyyyyyyyyyyyyyyyyyyy
B0003290 yyyyyyyyyyyyyyyyyyyyyyyyyyyyyyyyyyyyyyyyyyyyy
B0003292 yyyyyyyyyyyyyyyyyyyyyyyyyyyyyyyyyyyyyyyyyyyyyy
B0003294 yyyyyyyyyyyyyyyyyyyyyyyyyyyyyyyyyyyyyyyyyyyyyyy
B0003296 yyyyyyyyyyyyyyyyyyyyyyyyyyyyyyyyyyyyyyyyyyyyyyyy
B0003298 yyyyyyyyyyyyyyyyyyyyyyyyyyyyyyyyyyyyyyyyyyyyyyyyy
B0003300 
B0003302 y
B0003304 yy
B0003306 yyy
B0003308 yyyy
B0003310 yyyyy
B0003312 yyyyyy
B0003314 yyyyyyy
B0003316 yyyyyyyy
B0003318 yyyyyyyyy
B0003320 yyyyyyyyyy
B0003322 yyyyyyyyyyy
B0003324 yyyyyyyyyyyy
B0003326 yyyyyyyyyyyyy
B0003328 yyyyyyyyyyyyyy
B0003330 yyyyyyyyyyyyyyy
B0003332 yyyyyyyyyyyyyyyy
B0003334 yyyyyyyyyyyyyyyyy
B0003336 yyyyyyyyyyyyyyyyyy
B0003338 yyyyyyyyyyyyyyyyyyy
B0003340 yyyyyyyyyyyyyyyyyyyy
B0003342 yyyyyyyyyyyyyyyyyyyyy
B0003344 yyyyyyyyyyyyyyyyyyyyyy
B0003346 yyyyyyyyyyyyyyyyyyyyyyy
B0003348 yyyyyyyyyyyyyyyyyyyyyyyy
B0003350 yyyyyyyyyyyyyyyyyyyyyyyyy
B0003352 yyyyyyyyyyyyyyyyyyyyyyyyyy
B0003354 yyyyyyyyyyyyyyyyyyyyyyyyyyy
B0003356 yyyyyyyyyyyyyyyyyyyyyyyyyyyy
B0003358 yyyyyyyyyyyyyyyyyyyyyyyyyyyyy
B0003360 yyyyyyyyyyyyyyyyyyyyyyyyyyyyyy
B0003362 yyyyyyyyyyyyyyyyyyyyyyyyyyyyyyy
B0003364 yyyyyyyyyyyyyyyyyyyyyyyyyyyyyyyy
B0003366 yyyyyyyyyyyyyyyyyyyyyyyyyyyyyyyyy
B0003368 yyyyyyyyyyyyyyyyyyyyyyyyyyyyyyyyyy
B0003370 yyyyyyyyyyyyyyyyyyyyyyyyyyyyyyyyyyy
B0003372 yyyyyyyyyyyyyyyyyyyyyyyyyyyyyyyyyyyy
B0003374 yyyyyyyyyyyyyyyyyyyyyyyyyyyyyyyyyyyyy
B0003376 yyyyyyyyyyyyyyyyyyyyyyyyyyyyyyyyyyyyyy
B0003378 yyyyyyyyyyyyyyyyyyyyyyyyyyyyyyyyyyyyyyy
B0003380 yyyyyyyyyyyyyyyyyyyyyyyyyyyyyyyyyyyyyyyy
B0003382 yyyyyyyyyyyyyyyyyyyyyyyyyyyyyyyyyyyyyyyyy
B0003384 yyyyyyyyyyyyyyyyyyyyyyyyyyyyyyyyyyyyyyyyyy
B0003386 yyyyyyyyyyyyyyyyyyyyyyyyyyyyyyyyyyyyyyyyyyy
B0003388 yyyyyyyyyyyyyyyyyyyyyyyyyyyyyyyyyyyyyyyyyyyy
B0003390 yyyyyyyyyyyyyyyyyyyyyyyyyyyyyyyyyyyyyyyyyyyyy
B0003392 yyyyyyyyyyyyyyyyyyyyyyyyyyyyyyyyyyyyyyyyyyyyyy
B0003394 yyyyyyyyyyyyyyyyyyyyyyyyyyyyyyyyyyyyyyyyyyyyyyy
B0003396 yyyyyyyyyyyyyyyyyyyyyyyyyyyyyyyyyyyyyyyyyyyyyyyy
B0003398 yyyyyyyyyyyyyyyyyyyyyyyyyyyyyyyyyyyyyyyyyyyyyyyyy
B0003400 
B0003402 y
B0003404 yy
B0003406 yyy
B0003408 yyyy
B0003410 yyyyy
B0003412 yyyyyy
B0003414 yyyyyyy
B0003416 yyyyyyyy
B0003418 yyyyyyyyy
B0003420 yyyyyyyyyy
B0003422 yyyyyyyyyyy
B0003424 yyyyyyyyyyyy
B0003426 yyyyyyyyyyyyy
B0003428 yyyyyyyyyyyyyy
B0003430 yyyyyyyyyyyyyyy
B0003432 yyyyyyyyyyyyyyyy
B0003434 yyyyyyyyyyyyyyyyy
B0003436 yyyyyyyyyyyyyyyyyy
B0003438 yyyyyyyyyyyyyyyyyyy
B0003440 yyyyyyyyyyyyyyyyyyyy
B0003442 yyyyyyyyyyyyyyyyyyyyy
B0003444 yyyyyyyyyyyyyyyyyyyyyy
B0003446 yyyyyyyyyyyyyyyyyyyyyyy
B0003448 yyyyyyyyyyyyyyyyyyyyyyyy
B0003450 yyyyyyyyyyyyyyyyyyyyyyyyy
B0003452 yyyyyyyyyyyyyyyyyyyyyyyyyy
B0003454 yyyyyyyyyyyyyyyyyyyyyyyyyyy
B0003456 yyyyyyyyyyyyyyyyyyyyyyyyyyyy
B0003458 yyyyyyyyyyyyyyyyyyyyyyyyyyyyy
B0003460 yyyyyyyyyyyyyyyyyyyyyyyyyyyyyy
B0003462 yyyyyyyyyyyyyyyyyyyyyyyyyyyyyyy
B0003464 yyyyyyyyyyyyyyyyyyyyyyyyyyyyyyyy
B0003466 yyyyyyyyyyyyyyyyyyyyyyyyyyyyyyyyy
B0003468 yyyyyyyyyyyyyyyyyyyyyyyyyyyyyyyyyy
B0003470 yyyyyyyyyyyyyyyyyyyyyyyyyyyyyyyyyyy
B0003472 yyyyyyyyyyyyyyyyyyyyyyyyyyyyyyyyyyyy
B0003474 yyyyyyyyyyyyyyyyyyyyyyyyyyyyyyyyyyyyy
B0003476 yyyyyyyyyyyyyyyyyyyyyyyyyyyyyyyyyyyyyy
B0003478 yyyyyyyyyyyyyyyyyyyyyyyyyyyyyyyyyyyyyyy
B0003480 yyyyyyyyyyyyyyyyyyyyyyyyyyyyyyyyyyyyyyyy
B0003482 yyyyyyyyyyyyyyyyyyyyyyyyyyyyyyyyyyyyyyyyy
B0003484 yyyyyyyyyyyyyyyyyyyyyyyyyyyyyyyyyyyyyyyyyy
B0003486 yyyyyyyyyyyyyyyyyyyyyyyyyyyyyyyyyyyyyyyyyyy
B0003488 yyyyyyyyyyyyyyyyyyyyyyyyyyyyyyyyyyyyyyyyyyyy
B0003490 yyyyyyyyyyyyyyyyyyyyyyyyyyyyyyyyyyyyyyyyyyyyy
B0003492 yyyyyyyyyyyyyyyyyyyyyyyyyyyyyyyyyyyyyyyyyyyyyy
B0003494 yyyyyyyyyyyyyyyyyyyyyyyyyyyyyyyyyyyyyyyyyyyyyyy
B0003496 yyyyyyyyyyyyyyyyyyyyyyyyyyyyyyyyyyyyyyyyyyyyyyyy
B0003498 yyyyyyyyyyyyyyyyyyyyyyyyyyyyyyyyyyyyyyyyyyyyyyyyy
B0003500 
B0003502 y
B0003504 yy
B0003506 yyy
B0003508 yyyy
B0003510 yyyyy
B0003512 yyyyyy
B0003514 yyyyyyy
B0003516 yyyyyyyy
B0003518 yyyyyyyyy
B0003520 yyyyyyyyyy
B0003522 yyyyyyyyyyy
B0003524 yyyyyyyyyyyy
B0003526 yyyyyyyyyyyyy
B0003528 yyyyyyyyyyyyyy
B0003530 yyyyyyyyyyyyyyy
B0003532 yyyyyyyyyyyyyyyy
B0003534 yyyyyyyyyyyyyyyyy
B0003536 yyyyyyyyyyyyyyyyyy
B0003538 yyyyyyyyyyyyyyyyyyy
B0003540 yyyyyyyyyyyyyyyyyyyy
B0003542 yyyyyyyyyyyyyyyyyyyyy
B0003544 yyyyyyyyyyyyyyyyyyyyyy
B0003546 yyyyyyyyyyyyyyyyyyyyyyy
B0003548 yyyyyyyyyyyyyyyyyyyyyyyy
B0003550 yyyyyyyyyyyyyyyyyyyyyyyyy
B0003552 yyyyyyyyyyyyyyyyyyyyyyyyyy
B0003554 yyyyyyyyyyyyyyyyyyyyyyyyyyy
B0003556 yyyyyyyyyyyyyyyyyyyyyyyyyyyy
B0003558 yyyyyyyyyyyyyyyyyyyyyyyyyyyyy
B0003560 yyyyyyyyyyyyyyyyyyyyyyyyyyyyyy
B0003562 yyyyyyyyyyyyyyyyyyyyyyyyyyyyyyy
B0003564 yyyyyyyyyyyyyyyyyyyyyyyyyyyyyyyy
B0003566 yyyyyyyyyyyyyyyyyyyyyyyyyyyyyyyyy
B0003568 yyyyyyyyyyyyyyyyyyyyyyyyyyyyyyyyyy
B0003570 yyyyyyyyyyyyyyyyyyyyyyyyyyyyyyyyyyy
B0003572 yyyyyyyyyyyyyyyyyyyyyyyyyyyyyyyyyyyy
B0003574 yyyyyyyyyyyyyyyyyyyyyyyyyyyyyyyyyyyyy
B0003576 yyyyyyyyyyyyyyyyyyyyyyyyyyyyyyyyyyyyyy
B0003578 yyyyyyyyyyyyyyyyyyyyyyyyyyyyyyyyyyyyyyy
B0003580 yyyyyyyyyyyyyyyyyyyyyyyyyyyyyyyyyyyyyyyy
B0003582 yyyyyyyyyyyyyyyyyyyyyyyyyyyyyyyyyyyyyyyyy
B0003584 yyyyyyyyyyyyyyyyyyyyyyyyyyyyyyyyyyyyyyyyyy
B0003586 yyyyyyyyyyyyyyyyyyyyyyyyyyyyyyyyyyyyyyyyyyy
B0003588 yyyyyyyyyyyyyyyyyyyyyyyyyyyyyyyyyyyyyyyyyyyy
B0003590 yyyyyyyyyyyyyyyyyyyyyyyyyyyyyyyyyyyyyyyyyyyyy
B0003592 yyyyyyyyyyyyyyyyyyyyyyyyyyyyyyyyyyyyyyyyyyyyyy
B0003594 yyyyyyyyyyyyyyyyyyyyyyyyyyyyyyyyyyyyyyyyyyyyyyy
B0003596 yyyyyyyyyyyyyyyyyyyyyyyyyyyyyyyyyyyyyyyyyyyyyyyy
B0003598 yyyyyyyyyyyyyyyyyyyyyyyyyyyyyyyyyyyyyyyyyyyyyyyyy
B0003600 
B0003602 y
B0003604 yy
B0003606 yyy
B0003608 yyyy
B0003610 yyyyy
B0003612 yyyyyy
B0003614 yyyyyyy
B0003616 yyyyyyyy
B0003618 yyyyyyyyy
B0003620 yyyyyyyyyy
B0003622 yyyyyyyyyyy
B0003624 yyyyyyyyyyyy
B0003626 yyyyyyyyyyyyy
B0003628 yyyyyyyyyyyyyy
B0003630 yyyyyyyyyyyyyyy
B0003632 yyyyyyyyyyyyyyyy
B0003634 yyyyyyyyyyyyyyyyy
B0003636 yyyyyyyyyyyyyyyyyy
B0003638 yyyyyyyyyyyyyyyyyyy
B0003640 yyyyyyyyyyyyyyyyyyyy
B0003642 yyyyyyyyyyyyyyyyyyyyy
B0003644 yyyyyyyyyyyyyyyyyyyyyy
B0003646 yyyyyyyyyyyyyyyyyyyyyyy
B0003648 yyyyyyyyyyyyyyyyyyyyyyyy
B0003650 yyyyyyyyyyyyyyyyyyyyyyyyy
B0003652 yyyyyyyyyyyyyyyyyyyyyyyyyy
B0003654 yyyyyyyyyyyyyyyyyyyyyyyyyyy
B0003656 yyyyyyyyyyyyyyyyyyyyyyyyyyyy
B0003658 yyyyyyyyyyyyyyyyyyyyyyyyyyyyy
B0003660 yyyyyyyyyyyyyyyyyyyyyyyyyyyyyy
B0003662 yyyyyyyyyyyyyyyyyyyyyyyyyyyyyyy
B0003664 yyyyyyyyyyyyyyyyyyyyyyyyyyyyyyyy
B0003666 yyyyyyyyyyyyyyyyyyyyyyyyyyyyyyyyy
B0003668 yyyyyyyyyyyyyyyyyyyyyyyyyyyyyyyyyy
B0003670 yyyyyyyyyyyyyyyyyyyyyyyyyyyyyyyyyyy
B0003672 yyyyyyyyyyyyyyyyyyyyyyyyyyyyyyyyyyyy
B0003674 yyyyyyyyyyyyyyyyyyyyyyyyyyyyyyyyyyyyy
B0003676 yyyyyyyyyyyyyyyyyyyyyyyyyyyyyyyyyyyyyy
B0003678 yyyyyyyyyyyyyyyyyyyyyyyyyyyyyyyyyyyyyyy
B0003680 yyyyyyyyyyyyyyyyyyyyyyyyyyyyyyyyyyyyyyyy
B0003682 yyyyyyyyyyyyyyyyyyyyyyyyyyyyyyyyyyyyyyyyy
B0003684 yyyyyyyyyyyyyyyyyyyyyyyyyyyyyyyyyyyyyyyyyy
B0003686 yyyyyyyyyyyyyyyyyyyyyyyyyyyyyyyyyyyyyyyyyyy
B0003688 yyyyyyyyyyyyyyyyyyyyyyyyyyyyyyyyyyyyyyyyyyyy
B0003690 yyyyyyyyyyyyyyyyyyyyyyyyyyyyyyyyyyyyyyyyyyyyy
B0003692 yyyyyyyyyyyyyyyyyyyyyyyyyyyyyyyyyyyyyyyyyyyyyy
B0003694 yyyyyyyyyyyyyyyyyyyyyyyyyyyyyyyyyyyyyyyyyyyyyyy
B0003696 yyyyyyyyyyyyyyyyyyyyyyyyyyyyyyyyyyyyyyyyyyyyyyyy
B0003698 yyyyyyyyyyyyyyyyyyyyyyyyyyyyyyyyyyyyyyyyyyyyyyyyy
B0003700 
B0003702 y
B0003704 yy
B0003706 yyy
B0003708 yyyy
B0003710 yyyyy
B0003712 yyyyyy
B0003714 yyyyyyy
B0003716 yyyyyyyy
B0003718 yyyyyyyyy
B0003720 yyyyyyyyyy
B0003722 yyyyyyyyyyy
B0003724 yyyyyyyyyyyy
B0003726 yyyyyyyyyyyyy
B0003728 yyyyyyyyyyyyyy
B0003730 yyyyyyyyyyyyyyy
B0003732 yyyyyyyyyyyyyyyy
B0003734 yyyyyyyyyyyyyyyyy
B0003736 yyyyyyyyyyyyyyyyyy
B0003738 yyyyyyyyyyyyyyyyyyy
B0003740 yyyyyyyyyyyyyyyyyyyy
B0003742 yyyyyyyyyyyyyyyyyyyyy
B0003744 yyyyyyyyyyyyyyyyyyyyyy
B0003746 yyyyyyyyyyyyyyyyyyyyyyy
B0003748 yyyyyyyyyyyyyyyyyyyyyyyy
B0003750 yyyyyyyyyyyyyyyyyyyyyyyyy
B0003752 yyyyyyyyyyyyyyyyyyyyyyyyyy
B0003754 yyyyyyyyyyyyyyyyyyyyyyyyyyy
B0003756 yyyyyyyyyyyyyyyyyyyyyyyyyyyy
B0003758 yyyyyyyyyyyyyyyyyyyyyyyyyyyyy
B0003760 yyyyyyyyyyyyyyyyyyyyyyyyyyyyyy
B0003762 yyyyyyyyyyyyyyyyyyyyyyyyyyyyyyy
B0003764 yyyyyyyyyyyyyyyyyyyyyyyyyyyyyyyy
B0003766 yyyyyyyyyyyyyyyyyyyyyyyyyyyyyyyyy
B0003768 yyyyyyyyyyyyyyyyyyyyyyyyyyyyyyyyyy
B0003770 yyyyyyyyyyyyyyyyyyyyyyyyyyyyyyyyyyy
B0003772 yyyyyyyyyyyyyyyyyyyyyyyyyyyyyyyyyyyy
B0003774 yyyyyyyyyyyyyyyyyyyyyyyyyyyyyyyyyyyyy
B0003776 yyyyyyyyyyyyyyyyyyyyyyyyyyyyyyyyyyyyyy
B0003778 yyyyyyyyyyyyyyyyyyyyyyyyyyyyyyyyyyyyyyy
B0003780 yyyyyyyyyyyyyyyyyyyyyyyyyyyyyyyyyyyyyyyy
B0003782 yyyyyyyyyyyyyyyyyyyyyyyyyyyyyyyyyyyyyyyyy
B0003784 yyyyyyyyyyyyyyyyyyyyyyyyyyyyyyyyyyyyyyyyyy
B0003786 yyyyyyyyyyyyyyyyyyyyyyyyyyyyyyyyyyyyyyyyyyy
B0003788 yyyyyyyyyyyyyyyyyyyyyyyyyyyyyyyyyyyyyyyyyyyy
B0003790 yyyyyyyyyyyyyyyyyyyyyyyyyyyyyyyyyyyyyyyyyyyyy
B0003792 yyyyyyyyyyyyyyyyyyyyyyyyyyyyyyyyyyyyyyyyyyyyyy
B0003794 yyyyyyyyyyyyyyyyyyyyyyyyyyyyyyyyyyyyyyyyyyyyyyy
B0003796 yyyyyyyyyyyyyyyyyyyyyyyyyyyyyyyyyyyyyyyyyyyyyyyy
B0003798 yyyyyyyyyyyyyyyyyyyyyyyyyyyyyyyyyyyyyyyyyyyyyyyyy
B0003800 
B0003802 y
B0003804 yy
B0003806 yyy
B0003808 yyyy
B0003810 yyyyy
B0003812 yyyyyy
B0003814 yyyyyyy
B0003816 yyyyyyyy
B0003818 yyyyyyyyy
B0003820 yyyyyyyyyy
B0003822 yyyyyyyyyyy
B0003824 yyyyyyyyyyyy
B0003826 yyyyyyyyyyyyy
B0003828 yyyyyyyyyyyyyy
B0003830 yyyyyyyyyyyyyyy
B0003832 yyyyyyyyyyyyyyyy
B0003834 yyyyyyyyyyyyyyyyy
B0003836 yyyyyyyyyyyyyyyyyy
B0003838 yyyyyyyyyyyyyyyyyyy
B0003840 yyyyyyyyyyyyyyyyyyyy
B0003842 yyyyyyyyyyyyyyyyyyyyy
B0003844 yyyyyyyyyyyyyyyyyyyyyy
B0003846 yyyyyyyyyyyyyyyyyyyyyyy
B0003848 yyyyyyyyyyyyyyyyyyyyyyyy
B0003850 yyyyyyyyyyyyyyyyyyyyyyyyy
B0003852 yyyyyyyyyyyyyyyyyyyyyyyyyy
B0003854 yyyyyyyyyyyyyyyyyyyyyyyyyyy
B0003856 yyyyyyyyyyyyyyyyyyyyyyyyyyyy
B0003858 yyyyyyyyyyyyyyyyyyyyyyyyyyyyy
B0003860 yyyyyyyyyyyyyyyyyyyyyyyyyyyyyy
B0003862 yyyyyyyyyyyyyyyyyyyyyyyyyyyyyyy
B0003864 yyyyyyyyyyyyyyyyyyyyyyyyyyyyyyyy
B0003866 yyyyyyyyyyyyyyyyyyyyyyyyyyyyyyyyy
B0003868 yyyyyyyyyyyyyyyyyyyyyyyyyyyyyyyyyy
B0003870 yyyyyyyyyyyyyyyyyyyyyyyyyyyyyyyyyyy
B0003872 yyyyyyyyyyyyyyyyyyyyyyyyyyyyyyyyyyyy
B0003874 yyyyyyyyyyyyyyyyyyyyyyyyyyyyyyyyyyyyy
B0003876 yyyyyyyyyyyyyyyyyyyyyyyyyyyyyyyyyyyyyy
B0003878 yyyyyyyyyyyyyyyyyyyyyyyyyyyyyyyyyyyyyyy
B0003880 yyyyyyyyyyyyyyyyyyyyyyyyyyyyyyyyyyyyyyyy
B0003882 yyyyyyyyyyyyyyyyyyyyyyyyyyyyyyyyyyyyyyyyy
B0003884 yyyyyyyyyyyyyyyyyyyyyyyyyyyyyyyyyyyyyyyyyy
B0003886 yyyyyyyyyyyyyyyyyyyyyyyyyyyyyyyyyyyyyyyyyyy
B0003888 yyyyyyyyyyyyyyyyyyyyyyyyyyyyyyyyyyyyyyyyyyyy
B0003890 yyyyyyyyyyyyyyyyyyyyyyyyyyyyyyyyyyyyyyyyyyyyy
B0003892 yyyyyyyyyyyyyyyyyyyyyyyyyyyyyyyyyyyyyyyyyyyyyy
B0003894 yyyyyyyyyyyyyyyyyyyyyyyyyyyyyyyyyyyyyyyyyyyyyyy
B0003896 yyyyyyyyyyyyyyyyyyyyyyyyyyyyyyyyyyyyyyyyyyyyyyyy
B0003898 yyyyyyyyyyyyyyyyyyyyyyyyyyyyyyyyyyyyyyyyyyyyyyyyy
B0003900 
B0003902 y
B0003904 yy
B0003906 yyy
B0003908 yyyy
B0003910 yyyyy
B0003912 yyyyyy
B0003914 yyyyyyy
B0003916 yyyyyyyy
B0003918 yyyyyyyyy
B0003920 yyyyyyyyyy
B0003922 yyyyyyyyyyy
B0003924 yyyyyyyyyyyy
B0003926 yyyyyyyyyyyyy
B0003928 yyyyyyyyyyyyyy
B0003930 yyyyyyyyyyyyyyy
B0003932 yyyyyyyyyyyyyyyy
B0003934 yyyyyyyyyyyyyyyyy
B0003936 yyyyyyyyyyyyyyyyyy
B0003938 yyyyyyyyyyyyyyyyyyy
B0003940 yyyyyyyyyyyyyyyyyyyy
B0003942 yyyyyyyyyyyyyyyyyyyyy
B0003944 yyyyyyyyyyyyyyyyyyyyyy
B0003946 yyyyyyyyyyyyyyyyyyyyyyy
B0003948 yyyyyyyyyyyyyyyyyyyyyyyy
B0003950 yyyyyyyyyyyyyyyyyyyyyyyyy
B0003952 yyyyyyyyyyyyyyyyyyyyyyyyyy
B0003954 yyyyyyyyyyyyyyyyyyyyyyyyyyy
B0003956 yyyyyyyyyyyyyyyyyyyyyyyyyyyy
B0003958 yyyyyyyyyyyyyyyyyyyyyyyyyyyyy
B0003960 yyyyyyyyyyyyyyyyyyyyyyyyyyyyyy
B0003962 yyyyyyyyyyyyyyyyyyyyyyyyyyyyyyy
B0003964 yyyyyyyyyyyyyyyyyyyyyyyyyyyyyyyy
B0003966 yyyyyyyyyyyyyyyyyyyyyyyyyyyyyyyyy
B0003968 yyyyyyyyyyyyyyyyyyyyyyyyyyyyyyyyyy
B0003970 yyyyyyyyyyyyyyyyyyyyyyyyyyyyyyyyyyy
B0003972 yyyyyyyyyyyyyyyyyyyyyyyyyyyyyyyyyyyy
B0003974 yyyyyyyyyyyyyyyyyyyyyyyyyyyyyyyyyyyyy
B0003976 yyyyyyyyyyyyyyyyyyyyyyyyyyyyyyyyyyyyyy
B0003978 yyyyyyyyyyyyyyyyyyyyyyyyyyyyyyyyyyyyyyy
B0003980 yyyyyyyyyyyyyyyyyyyyyyyyyyyyyyyyyyyyyyyy
B0003982 yyyyyyyyyyyyyyyyyyyyyyyyyyyyyyyyyyyyyyyyy
B0003984 yyyyyyyyyyyyyyyyyyyyyyyyyyyyyyyyyyyyyyyyyy
B0003986 yyyyyyyyyyyyyyyyyyyyyyyyyyyyyyyyyyyyyyyyyyy
B0003988 yyyyyyyyyyyyyyyyyyyyyyyyyyyyyyyyyyyyyyyyyyyy
B0003990 yyyyyyyyyyyyyyyyyyyyyyyyyyyyyyyyyyyyyyyyyyyyy
B0003992 yyyyyyyyyyyyyyyyyyyyyyyyyyyyyyyyyyyyyyyyyyyyyy
B0003994 yyyyyyyyyyyyyyyyyyyyyyyyyyyyyyyyyyyyyyyyyyyyyyy
B0003996 yyyyyyyyyyyyyyyyyyyyyyyyyyyyyyyyyyyyyyyyyyyyyyyy
B0003998 yyyyyyyyyyyyyyyyyyyyyyyyyyyyyyyyyyyyyyyyyyyyyyyyy
B0004000 
B0004002 y
B0004004 yy
B0004006 yyy
B0004008 yyyy
B0004010 yyyyy
B0004012 yyyyyy
B0004014 yyyyyyy
B0004016 yyyyyyyy
B0004018 yyyyyyyyy
B0004020 yyyyyyyyyy
B0004022 yyyyyyyyyyy
B0004024 yyyyyyyyyyyy
B0004026 yyyyyyyyyyyyy
B0004028 yyyyyyyyyyyyyy
B0004030 yyyyyyyyyyyyyyy
B0004032 yyyyyyyyyyyyyyyy
B0004034 yyyyyyyyyyyyyyyyy
B0004036 yyyyyyyyyyyyyyyyyy
B0004038 yyyyyyyyyyyyyyyyyyy
B0004040 yyyyyyyyyyyyyyyyyyyy
B0004042 yyyyyyyyyyyyyyyyyyyyy
B0004044 yyyyyyyyyyyyyyyyyyyyyy
B0004046 yyyyyyyyyyyyyyyyyyyyyyy
B0004048 yyyyyyyyyyyyyyyyyyyyyyyy
B0004050 yyyyyyyyyyyyyyyyyyyyyyyyy
B0004052 yyyyyyyyyyyyyyyyyyyyyyyyyy
B0004054 yyyyyyyyyyyyyyyyyyyyyyyyyyy
B0004056 yyyyyyyyyyyyyyyyyyyyyyyyyyyy
B0004058 yyyyyyyyyyyyyyyyyyyyyyyyyyyyy
B0004060 yyyyyyyyyyyyyyyyyyyyyyyyyyyyyy
B0004062 yyyyyyyyyyyyyyyyyyyyyyyyyyyyyyy
B0004064 yyyyyyyyyyyyyyyyyyyyyyyyyyyyyyyy
B0004066 yyyyyyyyyyyyyyyyyyyyyyyyyyyyyyyyy
B0004068 yyyyyyyyyyyyyyyyyyyyyyyyyyyyyyyyyy
B0004070 yyyyyyyyyyyyyyyyyyyyyyyyyyyyyyyyyyy
B0004072 yyyyyyyyyyyyyyyyyyyyyyyyyyyyyyyyyyyy
B0004074 yyyyyyyyyyyyyyyyyyyyyyyyyyyyyyyyyyyyy
B0004076 yyyyyyyyyyyyyyyyyyyyyyyyyyyyyyyyyyyyyy
B0004078 yyyyyyyyyyyyyyyyyyyyyyyyyyyyyyyyyyyyyyy
B0004080 yyyyyyyyyyyyyyyyyyyyyyyyyyyyyyyyyyyyyyyy
B0004082 yyyyyyyyyyyyyyyyyyyyyyyyyyyyyyyyyyyyyyyyy
B0004084 yyyyyyyyyyyyyyyyyyyyyyyyyyyyyyyyyyyyyyyyyy
B0004086 yyyyyyyyyyyyyyyyyyyyyyyyyyyyyyyyyyyyyyyyyyy
B0004088 yyyyyyyyyyyyyyyyyyyyyyyyyyyyyyyyyyyyyyyyyyyy
B0004090 yyyyyyyyyyyyyyyyyyyyyyyyyyyyyyyyyyyyyyyyyyyyy
B0004092 yyyyyyyyyyyyyyyyyyyyyyyyyyyyyyyyyyyyyyyyyyyyyy
B0004094 yyyyyyyyyyyyyyyyyyyyyyyyyyyyyyyyyyyyyyyyyyyyyyy
B0004096 yyyyyyyyyyyyyyyyyyyyyyyyyyyyyyyyyyyyyyyyyyyyyyyy
B0004098 yyyyyyyyyyyyyyyyyyyyyyyyyyyyyyyyyyyyyyyyyyyyyyyyy
B0004100 
B0004102 y
B0004104 yy
B0004106 yyy
B0004108 yyyy
B0004110 yyyyy
B0004112 yyyyyy
B0004114 yyyyyyy
B0004116 yyyyyyyy
B0004118 yyyyyyyyy
B0004120 yyyyyyyyyy
B0004122 yyyyyyyyyyy
B0004124 yyyyyyyyyyyy
B0004126 yyyyyyyyyyyyy
B0004128 yyyyyyyyyyyyyy
B0004130 yyyyyyyyyyyyyyy
B0004132 yyyyyyyyyyyyyyyy
B0004134 yyyyyyyyyyyyyyyyy
B0004136 yyyyyyyyyyyyyyyyyy
B0004138 yyyyyyyyyyyyyyyyyyy
B0004140 yyyyyyyyyyyyyyyyyyyy
B0004142 yyyyyyyyyyyyyyyyyyyyy
B0004144 yyyyyyyyyyyyyyyyyyyyyy
B0004146 yyyyyyyyyyyyyyyyyyyyyyy
B0004148 yyyyyyyyyyyyyyyyyyyyyyyy
B0004150 yyyyyyyyyyyyyyyyyyyyyyyyy
B0004152 yyyyyyyyyyyyyyyyyyyyyyyyyy
B0004154 yyyyyyyyyyyyyyyyyyyyyyyyyyy
B0004156 yyyyyyyyyyyyyyyyyyyyyyyyyyyy
B0004158 yyyyyyyyyyyyyyyyyyyyyyyyyyyyy
B0004160 yyyyyyyyyyyyyyyyyyyyyyyyyyyyyy
B0004162 yyyyyyyyyyyyyyyyyyyyyyyyyyyyyyy
B0004164 yyyyyyyyyyyyyyyyyyyyyyyyyyyyyyyy
B0004166 yyyyyyyyyyyyyyyyyyyyyyyyyyyyyyyyy
B0004168 yyyyyyyyyyyyyyyyyyyyyyyyyyyyyyyyyy
B0004170 yyyyyyyyyyyyyyyyyyyyyyyyyyyyyyyyyyy
B0004172 yyyyyyyyyyyyyyyyyyyyyyyyyyyyyyyyyyyy
B0004174 yyyyyyyyyyyyyyyyyyyyyyyyyyyyyyyyyyyyy
B0004176 yyyyyyyyyyyyyyyyyyyyyyyyyyyyyyyyyyyyyy
B0004178 yyyyyyyyyyyyyyyyyyyyyyyyyyyyyyyyyyyyyyy
B0004180 yyyyyyyyyyyyyyyyyyyyyyyyyyyyyyyyyyyyyyyy
B0004182 yyyyyyyyyyyyyyyyyyyyyyyyyyyyyyyyyyyyyyyyy
B0004184 yyyyyyyyyyyyyyyyyyyyyyyyyyyyyyyyyyyyyyyyyy
B0004186 yyyyyyyyyyyyyyyyyyyyyyyyyyyyyyyyyyyyyyyyyyy
B0004188 yyyyyyyyyyyyyyyyyyyyyyyyyyyyyyyyyyyyyyyyyyyy
B0004190 yyyyyyyyyyyyyyyyyyyyyyyyyyyyyyyyyyyyyyyyyyyyy
B0004192 yyyyyyyyyyyyyyyyyyyyyyyyyyyyyyyyyyyyyyyyyyyyyy
B0004194 yyyyyyyyyyyyyyyyyyyyyyyyyyyyyyyyyyyyyyyyyyyyyyy
B0004196 yyyyyyyyyyyyyyyyyyyyyyyyyyyyyyyyyyyyyyyyyyyyyyyy
B0004198 yyyyyyyyyyyyyyyyyyyyyyyyyyyyyyyyyyyyyyyyyyyyyyyyy
B0004200 
B0004202 y
B0004204 yy
B0004206 yyy
B0004208 yyyy
B0004210 yyyyy
B0004212 yyyyyy
B0004214 yyyyyyy
B0004216 yyyyyyyy
B0004218 yyyyyyyyy
B0004220 yyyyyyyyyy
B0004222 yyyyyyyyyyy
B0004224 yyyyyyyyyyyy
B0004226 yyyyyyyyyyyyy
B0004228 yyyyyyyyyyyyyy
B0004230 yyyyyyyyyyyyyyy
B0004232 yyyyyyyyyyyyyyyy
B0004234 yyyyyyyyyyyyyyyyy
B0004236 yyyyyyyyyyyyyyyyyy
B0004238 yyyyyyyyyyyyyyyyyyy
B0004240 yyyyyyyyyyyyyyyyyyyy
B0004242 yyyyyyyyyyyyyyyyyyyyy
B0004244 yyyyyyyyyyyyyyyyyyyyyy
B0004246 yyyyyyyyyyyyyyyyyyyyyyy
B0004248 yyyyyyyyyyyyyyyyyyyyyyyy
B0004250 yyyyyyyyyyyyyyyyyyyyyyyyy
B0004252 yyyyyyyyyyyyyyyyyyyyyyyyyy
B0004254 yyyyyyyyyyyyyyyyyyyyyyyyyyy
B0004256 yyyyyyyyyyyyyyyyyyyyyyyyyyyy
B0004258 yyyyyyyyyyyyyyyyyyyyyyyyyyyyy
B0004260 yyyyyyyyyyyyyyyyyyyyyyyyyyyyyy
B0004262 yyyyyyyyyyyyyyyyyyyyyyyyyyyyyyy
B0004264 yyyyyyyyyyyyyyyyyyyyyyyyyyyyyyyy
B0004266 yyyyyyyyyyyyyyyyyyyyyyyyyyyyyyyyy
B0004268 yyyyyyyyyyyyyyyyyyyyyyyyyyyyyyyyyy
B0004270 yyyyyyyyyyyyyyyyyyyyyyyyyyyyyyyyyyy
B0004272 yyyyyyyyyyyyyyyyyyyyyyyyyyyyyyyyyyyy
B0004274 yyyyyyyyyyyyyyyyyyyyyyyyyyyyyyyyyyyyy
B0004276 yyyyyyyyyyyyyyyyyyyyyyyyyyyyyyyyyyyyyy
B0004278 yyyyyyyyyyyyyyyyyyyyyyyyyyyyyyyyyyyyyyy
B0004280 yyyyyyyyyyyyyyyyyyyyyyyyyyyyyyyyyyyyyyyy
B0004282 yyyyyyyyyyyyyyyyyyyyyyyyyyyyyyyyyyyyyyyyy
B0004284 yyyyyyyyyyyyyyyyyyyyyyyyyyyyyyyyyyyyyyyyyy
B0004286 yyyyyyyyyyyyyyyyyyyyyyyyyyyyyyyyyyyyyyyyyyy
B0004288 yyyyyyyyyyyyyyyyyyyyyyyyyyyyyyyyyyyyyyyyyyyy
B0004290 yyyyyyyyyyyyyyyyyyyyyyyyyyyyyyyyyyyyyyyyyyyyy
B0004292 yyyyyyyyyyyyyyyyyyyyyyyyyyyyyyyyyyyyyyyyyyyyyy
B0004294 yyyyyyyyyyyyyyyyyyyyyyyyyyyyyyyyyyyyyyyyyyyyyyy
B0004296 yyyyyyyyyyyyyyyyyyyyyyyyyyyyyyyyyyyyyyyyyyyyyyyy
B0004298 yyyyyyyyyyyyyyyyyyyyyyyyyyyyyyyyyyyyyyyyyyyyyyyyy
B0004300 
B0004302 y
B0004304 yy
B0004306 yyy
B0004308 yyyy
B0004310 yyyyy
B0004312 yyyyyy
B0004314 yyyyyyy
B0004316 yyyyyyyy
B0004318 yyyyyyyyy
B0004320 yyyyyyyyyy
B0004322 yyyyyyyyyyy
B0004324 yyyyyyyyyyyy
B0004326 yyyyyyyyyyyyy
B0004328 yyyyyyyyyyyyyy
B0004330 yyyyyyyyyyyyyyy
B0004332 yyyyyyyyyyyyyyyy
B0004334 yyyyyyyyyyyyyyyyy
B0004336 yyyyyyyyyyyyyyyyyy
B0004338 yyyyyyyyyyyyyyyyyyy
B0004340 yyyyyyyyyyyyyyyyyyyy
B0004342 yyyyyyyyyyyyyyyyyyyyy
B0004344 yyyyyyyyyyyyyyyyyyyyyy
B0004346 yyyyyyyyyyyyyyyyyyyyyyy
B0004348 yyyyyyyyyyyyyyyyyyyyyyyy
B0004350 yyyyyyyyyyyyyyyyyyyyyyyyy
B0004352 yyyyyyyyyyyyyyyyyyyyyyyyyy
B0004354 yyyyyyyyyyyyyyyyyyyyyyyyyyy
B0004356 yyyyyyyyyyyyyyyyyyyyyyyyyyyy
B0004358 yyyyyyyyyyyyyyyyyyyyyyyyyyyyy
B0004360 yyyyyyyyyyyyyyyyyyyyyyyyyyyyyy
B0004362 yyyyyyyyyyyyyyyyyyyyyyyyyyyyyyy
B0004364 yyyyyyyyyyyyyyyyyyyyyyyyyyyyyyyy
B0004366 yyyyyyyyyyyyyyyyyyyyyyyyyyyyyyyyy
B0004368 yyyyyyyyyyyyyyyyyyyyyyyyyyyyyyyyyy
B0004370 yyyyyyyyyyyyyyyyyyyyyyyyyyyyyyyyyyy
B0004372 yyyyyyyyyyyyyyyyyyyyyyyyyyyyyyyyyyyy
B0004374 yyyyyyyyyyyyyyyyyyyyyyyyyyyyyyyyyyyyy
B0004376 yyyyyyyyyyyyyyyyyyyyyyyyyyyyyyyyyyyyyy
B0004378 yyyyyyyyyyyyyyyyyyyyyyyyyyyyyyyyyyyyyyy
B0004380 yyyyyyyyyyyyyyyyyyyyyyyyyyyyyyyyyyyyyyyy
B0004382 yyyyyyyyyyyyyyyyyyyyyyyyyyyyyyyyyyyyyyyyy
B0004384 yyyyyyyyyyyyyyyyyyyyyyyyyyyyyyyyyyyyyyyyyy
B0004386 yyyyyyyyyyyyyyyyyyyyyyyyyyyyyyyyyyyyyyyyyyy
B0004388 yyyyyyyyyyyyyyyyyyyyyyyyyyyyyyyyyyyyyyyyyyyy
B0004390 yyyyyyyyyyyyyyyyyyyyyyyyyyyyyyyyyyyyyyyyyyyyy
B0004392 yyyyyyyyyyyyyyyyyyyyyyyyyyyyyyyyyyyyyyyyyyyyyy
B0004394 yyyyyyyyyyyyyyyyyyyyyyyyyyyyyyyyyyyyyyyyyyyyyyy
B0004396 yyyyyyyyyyyyyyyyyyyyyyyyyyyyyyyyyyyyyyyyyyyyyyyy
B0004398 yyyyyyyyyyyyyyyyyyyyyyyyyyyyyyyyyyyyyyyyyyyyyyyyy
B0004400 
B0004402 y
B0004404 yy
B0004406 yyy
B0004408 yyyy
B0004410 yyyyy
B0004412 yyyyyy
B0004414 yyyyyyy
B0004416 yyyyyyyy
B0004418 yyyyyyyyy
B0004420 yyyyyyyyyy
B0004422 yyyyyyyyyyy
B0004424 yyyyyyyyyyyy
B0004426 yyyyyyyyyyyyy
B0004428 yyyyyyyyyyyyyy
B0004430 yyyyyyyyyyyyyyy
B0004432 yyyyyyyyyyyyyyyy
B0004434 yyyyyyyyyyyyyyyyy
B0004436 yyyyyyyyyyyyyyyyyy
B0004438 yyyyyyyyyyyyyyyyyyy
B0004440 yyyyyyyyyyyyyyyyyyyy
B0004442 yyyyyyyyyyyyyyyyyyyyy
B0004444 yyyyyyyyyyyyyyyyyyyyyy
B0004446 yyyyyyyyyyyyyyyyyyyyyyy
B0004448 yyyyyyyyyyyyyyyyyyyyyyyy
B0004450 yyyyyyyyyyyyyyyyyyyyyyyyy
B0004452 yyyyyyyyyyyyyyyyyyyyyyyyyy
B0004454 yyyyyyyyyyyyyyyyyyyyyyyyyyy
B0004456 yyyyyyyyyyyyyyyyyyyyyyyyyyyy
B0004458 yyyyyyyyyyyyyyyyyyyyyyyyyyyyy
B0004460 yyyyyyyyyyyyyyyyyyyyyyyyyyyyyy
B0004462 yyyyyyyyyyyyyyyyyyyyyyyyyyyyyyy
B0004464 yyyyyyyyyyyyyyyyyyyyyyyyyyyyyyyy
B0004466 yyyyyyyyyyyyyyyyyyyyyyyyyyyyyyyyy
B0004468 yyyyyyyyyyyyyyyyyyyyyyyyyyyyyyyyyy
B0004470 yyyyyyyyyyyyyyyyyyyyyyyyyyyyyyyyyyy
B0004472 yyyyyyyyyyyyyyyyyyyyyyyyyyyyyyyyyyyy
B0004474 yyyyyyyyyyyyyyyyyyyyyyyyyyyyyyyyyyyyy
B0004476 yyyyyyyyyyyyyyyyyyyyyyyyyyyyyyyyyyyyyy
B0004478 yyyyyyyyyyyyyyyyyyyyyyyyyyyyyyyyyyyyyyy
B0004480 yyyyyyyyyyyyyyyyyyyyyyyyyyyyyyyyyyyyyyyy
B0004482 yyyyyyyyyyyyyyyyyyyyyyyyyyyyyyyyyyyyyyyyy
B0004484 yyyyyyyyyyyyyyyyyyyyyyyyyyyyyyyyyyyyyyyyyy
B0004486 yyyyyyyyyyyyyyyyyyyyyyyyyyyyyyyyyyyyyyyyyyy
B0004488 yyyyyyyyyyyyyyyyyyyyyyyyyyyyyyyyyyyyyyyyyyyy
B0004490 yyyyyyyyyyyyyyyyyyyyyyyyyyyyyyyyyyyyyyyyyyyyy
B0004492 yyyyyyyyyyyyyyyyyyyyyyyyyyyyyyyyyyyyyyyyyyyyyy
B0004494 yyyyyyyyyyyyyyyyyyyyyyyyyyyyyyyyyyyyyyyyyyyyyyy
B0004496 yyyyyyyyyyyyyyyyyyyyyyyyyyyyyyyyyyyyyyyyyyyyyyyy
B0004498 yyyyyyyyyyyyyyyyyyyyyyyyyyyyyyyyyyyyyyyyyyyyyyyyy
B0004500 
B0004502 y
B0004504 yy
B0004506 yyy
B0004508 yyyy
B0004510 yyyyy
B0004512 yyyyyy
B0004514 yyyyyyy
B0004516 yyyyyyyy
B0004518 yyyyyyyyy
B0004520 yyyyyyyyyy
B0004522 yyyyyyyyyyy
B0004524 yyyyyyyyyyyy
B0004526 yyyyyyyyyyyyy
B0004528 yyyyyyyyyyyyyy
B0004530 yyyyyyyyyyyyyyy
B0004532 yyyyyyyyyyyyyyyy
B0004534 yyyyyyyyyyyyyyyyy
B0004536 yyyyyyyyyyyyyyyyyy
B0004538 yyyyyyyyyyyyyyyyyyy
B0004540 yyyyyyyyyyyyyyyyyyyy
B0004542 yyyyyyyyyyyyyyyyyyyyy
B0004544 yyyyyyyyyyyyyyyyyyyyyy
B0004546 yyyyyyyyyyyyyyyyyyyyyyy
B0004548 yyyyyyyyyyyyyyyyyyyyyyyy
B0004550 yyyyyyyyyyyyyyyyyyyyyyyyy
B0004552 yyyyyyyyyyyyyyyyyyyyyyyyyy
B0004554 yyyyyyyyyyyyyyyyyyyyyyyyyyy
B0004556 yyyyyyyyyyyyyyyyyyyyyyyyyyyy
B0004558 yyyyyyyyyyyyyyyyyyyyyyyyyyyyy
B0004560 yyyyyyyyyyyyyyyyyyyyyyyyyyyyyy
B0004562 yyyyyyyyyyyyyyyyyyyyyyyyyyyyyyy
B0004564 yyyyyyyyyyyyyyyyyyyyyyyyyyyyyyyy
B0004566 yyyyyyyyyyyyyyyyyyyyyyyyyyyyyyyyy
B0004568 yyyyyyyyyyyyyyyyyyyyyyyyyyyyyyyyyy
B0004570 yyyyyyyyyyyyyyyyyyyyyyyyyyyyyyyyyyy
B0004572 yyyyyyyyyyyyyyyyyyyyyyyyyyyyyyyyyyyy
B0004574 yyyyyyyyyyyyyyyyyyyyyyyyyyyyyyyyyyyyy
B0004576 yyyyyyyyyyyyyyyyyyyyyyyyyyyyyyyyyyyyyy
B0004578 yyyyyyyyyyyyyyyyyyyyyyyyyyyyyyyyyyyyyyy
B0004580 yyyyyyyyyyyyyyyyyyyyyyyyyyyyyyyyyyyyyyyy
B0004582 yyyyyyyyyyyyyyyyyyyyyyyyyyyyyyyyyyyyyyyyy
B0004584 yyyyyyyyyyyyyyyyyyyyyyyyyyyyyyyyyyyyyyyyyy
B0004586 yyyyyyyyyyyyyyyyyyyyyyyyyyyyyyyyyyyyyyyyyyy
B0004588 yyyyyyyyyyyyyyyyyyyyyyyyyyyyyyyyyyyyyyyyyyyy
B0004590 yyyyyyyyyyyyyyyyyyyyyyyyyyyyyyyyyyyyyyyyyyyyy
B0004592 yyyyyyyyyyyyyyyyyyyyyyyyyyyyyyyyyyyyyyyyyyyyyy
B0004594 yyyyyyyyyyyyyyyyyyyyyyyyyyyyyyyyyyyyyyyyyyyyyyy
B0004596 yyyyyyyyyyyyyyyyyyyyyyyyyyyyyyyyyyyyyyyyyyyyyyyy
B0004598 yyyyyyyyyyyyyyyyyyyyyyyyyyyyyyyyyyyyyyyyyyyyyyyyy
B0004600 
B0004602 y
B0004604 yy
B0004606 yyy
B0004608 yyyy
B0004610 yyyyy
B0004612 yyyyyy
B0004614 yyyyyyy
B0004616 yyyyyyyy
B0004618 yyyyyyyyy
B0004620 yyyyyyyyyy
B0004622 yyyyyyyyyyy
B0004624 yyyyyyyyyyyy
B0004626 yyyyyyyyyyyyy
B0004628 yyyyyyyyyyyyyy
B0004630 yyyyyyyyyyyyyyy
B0004632 yyyyyyyyyyyyyyyy
B0004634 yyyyyyyyyyyyyyyyy
B0004636 yyyyyyyyyyyyyyyyyy
B0004638 yyyyyyyyyyyyyyyyyyy
B0004640 yyyyyyyyyyyyyyyyyyyy
B0004642 yyyyyyyyyyyyyyyyyyyyy
B0004644 yyyyyyyyyyyyyyyyyyyyyy
B0004646 yyyyyyyyyyyyyyyyyyyyyyy
B0004648 yyyyyyyyyyyyyyyyyyyyyyyy
B0004650 yyyyyyyyyyyyyyyyyyyyyyyyy
B0004652 yyyyyyyyyyyyyyyyyyyyyyyyyy
B0004654 yyyyyyyyyyyyyyyyyyyyyyyyyyy
B0004656 yyyyyyyyyyyyyyyyyyyyyyyyyyyy
B0004658 yyyyyyyyyyyyyyyyyyyyyyyyyyyyy
B0004660 yyyyyyyyyyyyyyyyyyyyyyyyyyyyyy
B0004662 yyyyyyyyyyyyyyyyyyyyyyyyyyyyyyy
B0004664 yyyyyyyyyyyyyyyyyyyyyyyyyyyyyyyy
B0004666 yyyyyyyyyyyyyyyyyyyyyyyyyyyyyyyyy
B0004668 yyyyyyyyyyyyyyyyyyyyyyyyyyyyyyyyyy
B0004670 yyyyyyyyyyyyyyyyyyyyyyyyyyyyyyyyyyy
B0004672 yyyyyyyyyyyyyyyyyyyyyyyyyyyyyyyyyyyy
B0004674 yyyyyyyyyyyyyyyyyyyyyyyyyyyyyyyyyyyyy
B0004676 yyyyyyyyyyyyyyyyyyyyyyyyyyyyyyyyyyyyyy
B0004678 yyyyyyyyyyyyyyyyyyyyyyyyyyyyyyyyyyyyyyy
B0004680 yyyyyyyyyyyyyyyyyyyyyyyyyyyyyyyyyyyyyyyy
B0004682 yyyyyyyyyyyyyyyyyyyyyyyyyyyyyyyyyyyyyyyyy
B0004684 yyyyyyyyyyyyyyyyyyyyyyyyyyyyyyyyyyyyyyyyyy
B0004686 yyyyyyyyyyyyyyyyyyyyyyyyyyyyyyyyyyyyyyyyyyy
B0004688 yyyyyyyyyyyyyyyyyyyyyyyyyyyyyyyyyyyyyyyyyyyy
B0004690 yyyyyyyyyyyyyyyyyyyyyyyyyyyyyyyyyyyyyyyyyyyyy
B0004692 yyyyyyyyyyyyyyyyyyyyyyyyyyyyyyyyyyyyyyyyyyyyyy
B0004694 yyyyyyyyyyyyyyyyyyyyyyyyyyyyyyyyyyyyyyyyyyyyyyy
B0004696 yyyyyyyyyyyyyyyyyyyyyyyyyyyyyyyyyyyyyyyyyyyyyyyy
B0004698 yyyyyyyyyyyyyyyyyyyyyyyyyyyyyyyyyyyyyyyyyyyyyyyyy
B0004700 
B0004702 y
B0004704 yy
B0004706 yyy
B0004708 yyyy
B0004710 yyyyy
B0004712 yyyyyy
B0004714 yyyyyyy
B0004716 yyyyyyyy
B0004718 yyyyyyyyy
B0004720 yyyyyyyyyy
B0004722 yyyyyyyyyyy
B0004724 yyyyyyyyyyyy
B0004726 yyyyyyyyyyyyy
B0004728 yyyyyyyyyyyyyy
B0004730 yyyyyyyyyyyyyyy
B0004732 yyyyyyyyyyyyyyyy
B0004734 yyyyyyyyyyyyyyyyy
B0004736 yyyyyyyyyyyyyyyyyy
B0004738 yyyyyyyyyyyyyyyyyyy
B0004740 yyyyyyyyyyyyyyyyyyyy
B0004742 yyyyyyyyyyyyyyyyyyyyy
B0004744 yyyyyyyyyyyyyyyyyyyyyy
B0004746 yyyyyyyyyyyyyyyyyyyyyyy
B0004748 yyyyyyyyyyyyyyyyyyyyyyyy
B0004750 yyyyyyyyyyyyyyyyyyyyyyyyy
B0004752 yyyyyyyyyyyyyyyyyyyyyyyyyy
B0004754 yyyyyyyyyyyyyyyyyyyyyyyyyyy
B0004756 yyyyyyyyyyyyyyyyyyyyyyyyyyyy
B0004758 yyyyyyyyyyyyyyyyyyyyyyyyyyyyy
B0004760 yyyyyyyyyyyyyyyyyyyyyyyyyyyyyy
B0004762 yyyyyyyyyyyyyyyyyyyyyyyyyyyyyyy
B0004764 yyyyyyyyyyyyyyyyyyyyyyyyyyyyyyyy
B0004766 yyyyyyyyyyyyyyyyyyyyyyyyyyyyyyyyy
B0004768 yyyyyyyyyyyyyyyyyyyyyyyyyyyyyyyyyy
B0004770 yyyyyyyyyyyyyyyyyyyyyyyyyyyyyyyyyyy
B0004772 yyyyyyyyyyyyyyyyyyyyyyyyyyyyyyyyyyyy
B0004774 yyyyyyyyyyyyyyyyyyyyyyyyyyyyyyyyyyyyy
B0004776 yyyyyyyyyyyyyyyyyyyyyyyyyyyyyyyyyyyyyy
B0004778 yyyyyyyyyyyyyyyyyyyyyyyyyyyyyyyyyyyyyyy
B0004780 yyyyyyyyyyyyyyyyyyyyyyyyyyyyyyyyyyyyyyyy
B0004782 yyyyyyyyyyyyyyyyyyyyyyyyyyyyyyyyyyyyyyyyy
B0004784 yyyyyyyyyyyyyyyyyyyyyyyyyyyyyyyyyyyyyyyyyy
B0004786 yyyyyyyyyyyyyyyyyyyyyyyyyyyyyyyyyyyyyyyyyyy
B0004788 yyyyyyyyyyyyyyyyyyyyyyyyyyyyyyyyyyyyyyyyyyyy
B0004790 yyyyyyyyyyyyyyyyyyyyyyyyyyyyyyyyyyyyyyyyyyyyy
B0004792 yyyyyyyyyyyyyyyyyyyyyyyyyyyyyyyyyyyyyyyyyyyyyy
B0004794 yyyyyyyyyyyyyyyyyyyyyyyyyyyyyyyyyyyyyyyyyyyyyyy
B0004796 yyyyyyyyyyyyyyyyyyyyyyyyyyyyyyyyyyyyyyyyyyyyyyyy
B0004798 yyyyyyyyyyyyyyyyyyyyyyyyyyyyyyyyyyyyyyyyyyyyyyyyy
B0004800 
B0004802 y
B0004804 yy
B0004806 yyy
B0004808 yyyy
B0004810 yyyyy
B0004812 yyyyyy
B0004814 yyyyyyy
B0004816 yyyyyyyy
B0004818 yyyyyyyyy
B0004820 yyyyyyyyyy
B0004822 yyyyyyyyyyy
B0004824 yyyyyyyyyyyy
B0004826 yyyyyyyyyyyyy
B0004828 yyyyyyyyyyyyyy
B0004830 yyyyyyyyyyyyyyy
B0004832 yyyyyyyyyyyyyyyy
B0004834 yyyyyyyyyyyyyyyyy
B0004836 yyyyyyyyyyyyyyyyyy
B0004838 yyyyyyyyyyyyyyyyyyy
B0004840 yyyyyyyyyyyyyyyyyyyy
B0004842 yyyyyyyyyyyyyyyyyyyyy
B0004844 yyyyyyyyyyyyyyyyyyyyyy
B0004846 yyyyyyyyyyyyyyyyyyyyyyy
B0004848 yyyyyyyyyyyyyyyyyyyyyyyy
B0004850 yyyyyyyyyyyyyyyyyyyyyyyyy
B0004852 yyyyyyyyyyyyyyyyyyyyyyyyyy
B0004854 yyyyyyyyyyyyyyyyyyyyyyyyyyy
B0004856 yyyyyyyyyyyyyyyyyyyyyyyyyyyy
B0004858 yyyyyyyyyyyyyyyyyyyyyyyyyyyyy
B0004860 yyyyyyyyyyyyyyyyyyyyyyyyyyyyyy
B0004862 yyyyyyyyyyyyyyyyyyyyyyyyyyyyyyy
B0004864 yyyyyyyyyyyyyyyyyyyyyyyyyyyyyyyy
B0004866 yyyyyyyyyyyyyyyyyyyyyyyyyyyyyyyyy
B0004868 yyyyyyyyyyyyyyyyyyyyyyyyyyyyyyyyyy
B0004870 yyyyyyyyyyyyyyyyyyyyyyyyyyyyyyyyyyy
B0004872 yyyyyyyyyyyyyyyyyyyyyyyyyyyyyyyyyyyy
B0004874 yyyyyyyyyyyyyyyyyyyyyyyyyyyyyyyyyyyyy
B0004876 yyyyyyyyyyyyyyyyyyyyyyyyyyyyyyyyyyyyyy
B0004878 yyyyyyyyyyyyyyyyyyyyyyyyyyyyyyyyyyyyyyy
B0004880 yyyyyyyyyyyyyyyyyyyyyyyyyyyyyyyyyyyyyyyy
B0004882 yyyyyyyyyyyyyyyyyyyyyyyyyyyyyyyyyyyyyyyyy
B0004884 yyyyyyyyyyyyyyyyyyyyyyyyyyyyyyyyyyyyyyyyyy
B0004886 yyyyyyyyyyyyyyyyyyyyyyyyyyyyyyyyyyyyyyyyyyy
B0004888 yyyyyyyyyyyyyyyyyyyyyyyyyyyyyyyyyyyyyyyyyyyy
B0004890 yyyyyyyyyyyyyyyyyyyyyyyyyyyyyyyyyyyyyyyyyyyyy
B0004892 yyyyyyyyyyyyyyyyyyyyyyyyyyyyyyyyyyyyyyyyyyyyyy
B0004894 yyyyyyyyyyyyyyyyyyyyyyyyyyyyyyyyyyyyyyyyyyyyyyy
B0004896 yyyyyyyyyyyyyyyyyyyyyyyyyyyyyyyyyyyyyyyyyyyyyyyy
B0004898 yyyyyyyyyyyyyyyyyyyyyyyyyyyyyyyyyyyyyyyyyyyyyyyyy
B0004900 
B0004902 y
B0004904 yy
B0004906 yyy
B0004908 yyyy
B0004910 yyyyy
B0004912 yyyyyy
B0004914 yyyyyyy
B0004916 yyyyyyyy
B0004918 yyyyyyyyy
B0004920 yyyyyyyyyy
B0004922 yyyyyyyyyyy
B0004924 yyyyyyyyyyyy
B0004926 yyyyyyyyyyyyy
B0004928 yyyyyyyyyyyyyy
B0004930 yyyyyyyyyyyyyyy
B0004932 yyyyyyyyyyyyyyyy
B0004934 yyyyyyyyyyyyyyyyy
B0004936 yyyyyyyyyyyyyyyyyy
B0004938 yyyyyyyyyyyyyyyyyyy
B0004940 yyyyyyyyyyyyyyyyyyyy
B0004942 yyyyyyyyyyyyyyyyyyyyy
B0004944 yyyyyyyyyyyyyyyyyyyyyy
B0004946 yyyyyyyyyyyyyyyyyyyyyyy
B0004948 yyyyyyyyyyyyyyyyyyyyyyyy
B0004950 yyyyyyyyyyyyyyyyyyyyyyyyy
B0004952 yyyyyyyyyyyyyyyyyyyyyyyyyy
B0004954 yyyyyyyyyyyyyyyyyyyyyyyyyyy
B0004956 yyyyyyyyyyyyyyyyyyyyyyyyyyyy
B0004958 yyyyyyyyyyyyyyyyyyyyyyyyyyyyy
B0004960 yyyyyyyyyyyyyyyyyyyyyyyyyyyyyy
B0004962 yyyyyyyyyyyyyyyyyyyyyyyyyyyyyyy
B0004964 yyyyyyyyyyyyyyyyyyyyyyyyyyyyyyyy
B0004966 yyyyyyyyyyyyyyyyyyyyyyyyyyyyyyyyy
B0004968 yyyyyyyyyyyyyyyyyyyyyyyyyyyyyyyyyy
B0004970 yyyyyyyyyyyyyyyyyyyyyyyyyyyyyyyyyyy
B0004972 yyyyyyyyyyyyyyyyyyyyyyyyyyyyyyyyyyyy
B0004974 yyyyyyyyyyyyyyyyyyyyyyyyyyyyyyyyyyyyy
B0004976 yyyyyyyyyyyyyyyyyyyyyyyyyyyyyyyyyyyyyy
B0004978 yyyyyyyyyyyyyyyyyyyyyyyyyyyyyyyyyyyyyyy
B0004980 yyyyyyyyyyyyyyyyyyyyyyyyyyyyyyyyyyyyyyyy
B0004982 yyyyyyyyyyyyyyyyyyyyyyyyyyyyyyyyyyyyyyyyy
B0004984 yyyyyyyyyyyyyyyyyyyyyyyyyyyyyyyyyyyyyyyyyy
B0004986 yyyyyyyyyyyyyyyyyyyyyyyyyyyyyyyyyyyyyyyyyyy
B0004988 yyyyyyyyyyyyyyyyyyyyyyyyyyyyyyyyyyyyyyyyyyyy
B0004990 yyyyyyyyyyyyyyyyyyyyyyyyyyyyyyyyyyyyyyyyyyyyy
B0004992 yyyyyyyyyyyyyyyyyyyyyyyyyyyyyyyyyyyyyyyyyyyyyy
B0004994 yyyyyyyyyyyyyyyyyyyyyyyyyyyyyyyyyyyyyyyyyyyyyyy
B0004996 yyyyyyyyyyyyyyyyyyyyyyyyyyyyyyyyyyyyyyyyyyyyyyyy
B0004998 yyyyyyyyyyyyyyyyyyyyyyyyyyyyyyyyyyyyyyyyyyyyyyyyy
B0005000 
B0005002 y
B0005004 yy
B0005006 yyy
B0005008 yyyy
B0005010 yyyyy
B0005012 yyyyyy
B0005014 yyyyyyy
B0005016 yyyyyyyy
B0005018 yyyyyyyyy
B0005020 yyyyyyyyyy
B0005022 yyyyyyyyyyy
B0005024 yyyyyyyyyyyy
B0005026 yyyyyyyyyyyyy
B0005028 yyyyyyyyyyyyyy
B0005030 yyyyyyyyyyyyyyy
B0005032 yyyyyyyyyyyyyyyy
B0005034 yyyyyyyyyyyyyyyyy
B0005036 yyyyyyyyyyyyyyyyyy
B0005038 yyyyyyyyyyyyyyyyyyy
B0005040 yyyyyyyyyyyyyyyyyyyy
B0005042 yyyyyyyyyyyyyyyyyyyyy
B0005044 yyyyyyyyyyyyyyyyyyyyyy
B0005046 yyyyyyyyyyyyyyyyyyyyyyy
B0005048 yyyyyyyyyyyyyyyyyyyyyyyy
B0005050 yyyyyyyyyyyyyyyyyyyyyyyyy
B0005052 yyyyyyyyyyyyyyyyyyyyyyyyyy
B0005054 yyyyyyyyyyyyyyyyyyyyyyyyyyy
B0005056 yyyyyyyyyyyyyyyyyyyyyyyyyyyy
B0005058 yyyyyyyyyyyyyyyyyyyyyyyyyyyyy
B0005060 yyyyyyyyyyyyyyyyyyyyyyyyyyyyyy
B0005062 yyyyyyyyyyyyyyyyyyyyyyyyyyyyyyy
B0005064 yyyyyyyyyyyyyyyyyyyyyyyyyyyyyyyy
B0005066 yyyyyyyyyyyyyyyyyyyyyyyyyyyyyyyyy
B0005068 yyyyyyyyyyyyyyyyyyyyyyyyyyyyyyyyyy
B0005070 yyyyyyyyyyyyyyyyyyyyyyyyyyyyyyyyyyy
B0005072 yyyyyyyyyyyyyyyyyyyyyyyyyyyyyyyyyyyy
B0005074 yyyyyyyyyyyyyyyyyyyyyyyyyyyyyyyyyyyyy
B0005076 yyyyyyyyyyyyyyyyyyyyyyyyyyyyyyyyyyyyyy
B0005078 yyyyyyyyyyyyyyyyyyyyyyyyyyyyyyyyyyyyyyy
B0005080 yyyyyyyyyyyyyyyyyyyyyyyyyyyyyyyyyyyyyyyy
B0005082 yyyyyyyyyyyyyyyyyyyyyyyyyyyyyyyyyyyyyyyyy
B0005084 yyyyyyyyyyyyyyyyyyyyyyyyyyyyyyyyyyyyyyyyyy
B0005086 yyyyyyyyyyyyyyyyyyyyyyyyyyyyyyyyyyyyyyyyyyy
B0005088 yyyyyyyyyyyyyyyyyyyyyyyyyyyyyyyyyyyyyyyyyyyy
B0005090 yyyyyyyyyyyyyyyyyyyyyyyyyyyyyyyyyyyyyyyyyyyyy
B0005092 yyyyyyyyyyyyyyyyyyyyyyyyyyyyyyyyyyyyyyyyyyyyyy
B0005094 yyyyyyyyyyyyyyyyyyyyyyyyyyyyyyyyyyyyyyyyyyyyyyy
B0005096 yyyyyyyyyyyyyyyyyyyyyyyyyyyyyyyyyyyyyyyyyyyyyyyy
B0005098 yyyyyyyyyyyyyyyyyyyyyyyyyyyyyyyyyyyyyyyyyyyyyyyyy
B0005100 
B0005102 y
B0005104 yy
B0005106 yyy
B0005108 yyyy
B0005110 yyyyy
B0005112 yyyyyy
B0005114 yyyyyyy
B0005116 yyyyyyyy
B0005118 yyyyyyyyy
B0005120 yyyyyyyyyy
B0005122 yyyyyyyyyyy
B0005124 yyyyyyyyyyyy
B0005126 yyyyyyyyyyyyy
B0005128 yyyyyyyyyyyyyy
B0005130 yyyyyyyyyyyyyyy
B0005132 yyyyyyyyyyyyyyyy
B0005134 yyyyyyyyyyyyyyyyy
B0005136 yyyyyyyyyyyyyyyyyy
B0005138 yyyyyyyyyyyyyyyyyyy
B0005140 yyyyyyyyyyyyyyyyyyyy
B0005142 yyyyyyyyyyyyyyyyyyyyy
B0005144 yyyyyyyyyyyyyyyyyyyyyy
B0005146 yyyyyyyyyyyyyyyyyyyyyyy
B0005148 yyyyyyyyyyyyyyyyyyyyyyyy
B0005150 yyyyyyyyyyyyyyyyyyyyyyyyy
B0005152 yyyyyyyyyyyyyyyyyyyyyyyyyy
B0005154 yyyyyyyyyyyyyyyyyyyyyyyyyyy
B0005156 yyyyyyyyyyyyyyyyyyyyyyyyyyyy
B0005158 yyyyyyyyyyyyyyyyyyyyyyyyyyyyy
B0005160 yyyyyyyyyyyyyyyyyyyyyyyyyyyyyy
B0005162 yyyyyyyyyyyyyyyyyyyyyyyyyyyyyyy
B0005164 yyyyyyyyyyyyyyyyyyyyyyyyyyyyyyyy
B0005166 yyyyyyyyyyyyyyyyyyyyyyyyyyyyyyyyy
B0005168 yyyyyyyyyyyyyyyyyyyyyyyyyyyyyyyyyy
B0005170 yyyyyyyyyyyyyyyyyyyyyyyyyyyyyyyyyyy
B0005172 yyyyyyyyyyyyyyyyyyyyyyyyyyyyyyyyyyyy
B0005174 yyyyyyyyyyyyyyyyyyyyyyyyyyyyyyyyyyyyy
B0005176 yyyyyyyyyyyyyyyyyyyyyyyyyyyyyyyyyyyyyy
B0005178 yyyyyyyyyyyyyyyyyyyyyyyyyyyyyyyyyyyyyyy
B0005180 yyyyyyyyyyyyyyyyyyyyyyyyyyyyyyyyyyyyyyyy
B0005182 yyyyyyyyyyyyyyyyyyyyyyyyyyyyyyyyyyyyyyyyy
B0005184 yyyyyyyyyyyyyyyyyyyyyyyyyyyyyyyyyyyyyyyyyy
B0005186 yyyyyyyyyyyyyyyyyyyyyyyyyyyyyyyyyyyyyyyyyyy
B0005188 yyyyyyyyyyyyyyyyyyyyyyyyyyyyyyyyyyyyyyyyyyyy
B0005190 yyyyyyyyyyyyyyyyyyyyyyyyyyyyyyyyyyyyyyyyyyyyy
B0005192 yyyyyyyyyyyyyyyyyyyyyyyyyyyyyyyyyyyyyyyyyyyyyy
B0005194 yyyyyyyyyyyyyyyyyyyyyyyyyyyyyyyyyyyyyyyyyyyyyyy
B0005196 yyyyyyyyyyyyyyyyyyyyyyyyyyyyyyyyyyyyyyyyyyyyyyyy
B0005198 yyyyyyyyyyyyyyyyyyyyyyyyyyyyyyyyyyyyyyyyyyyyyyyyy
B0005200 
B0005202 y
B0005204 yy
B0005206 yyy
B0005208 yyyy
B0005210 yyyyy
B0005212 yyyyyy
B0005214 yyyyyyy
B0005216 yyyyyyyy
B0005218 yyyyyyyyy
B0005220 yyyyyyyyyy
B0005222 yyyyyyyyyyy
B0005224 yyyyyyyyyyyy
B0005226 yyyyyyyyyyyyy
B0005228 yyyyyyyyyyyyyy
B0005230 yyyyyyyyyyyyyyy
B0005232 yyyyyyyyyyyyyyyy
B0005234 yyyyyyyyyyyyyyyyy
B0005236 yyyyyyyyyyyyyyyyyy
B0005238 yyyyyyyyyyyyyyyyyyy
B0005240 yyyyyyyyyyyyyyyyyyyy
B0005242 yyyyyyyyyyyyyyyyyyyyy
B0005244 yyyyyyyyyyyyyyyyyyyyyy
B0005246 yyyyyyyyyyyyyyyyyyyyyyy
B0005248 yyyyyyyyyyyyyyyyyyyyyyyy
B0005250 yyyyyyyyyyyyyyyyyyyyyyyyy
B0005252 yyyyyyyyyyyyyyyyyyyyyyyyyy
B0005254 yyyyyyyyyyyyyyyyyyyyyyyyyyy
B0005256 yyyyyyyyyyyyyyyyyyyyyyyyyyyy
B0005258 yyyyyyyyyyyyyyyyyyyyyyyyyyyyy
B0005260 yyyyyyyyyyyyyyyyyyyyyyyyyyyyyy
B0005262 yyyyyyyyyyyyyyyyyyyyyyyyyyyyyyy
B0005264 yyyyyyyyyyyyyyyyyyyyyyyyyyyyyyyy
B0005266 yyyyyyyyyyyyyyyyyyyyyyyyyyyyyyyyy
B0005268 yyyyyyyyyyyyyyyyyyyyyyyyyyyyyyyyyy
B0005270 yyyyyyyyyyyyyyyyyyyyyyyyyyyyyyyyyyy
B0005272 yyyyyyyyyyyyyyyyyyyyyyyyyyyyyyyyyyyy
B0005274 yyyyyyyyyyyyyyyyyyyyyyyyyyyyyyyyyyyyy
B0005276 yyyyyyyyyyyyyyyyyyyyyyyyyyyyyyyyyyyyyy
B0005278 yyyyyyyyyyyyyyyyyyyyyyyyyyyyyyyyyyyyyyy
B0005280 yyyyyyyyyyyyyyyyyyyyyyyyyyyyyyyyyyyyyyyy
B0005282 yyyyyyyyyyyyyyyyyyyyyyyyyyyyyyyyyyyyyyyyy
B0005284 yyyyyyyyyyyyyyyyyyyyyyyyyyyyyyyyyyyyyyyyyy
B0005286 yyyyyyyyyyyyyyyyyyyyyyyyyyyyyyyyyyyyyyyyyyy
B0005288 yyyyyyyyyyyyyyyyyyyyyyyyyyyyyyyyyyyyyyyyyyyy
B0005290 yyyyyyyyyyyyyyyyyyyyyyyyyyyyyyyyyyyyyyyyyyyyy
B0005292 yyyyyyyyyyyyyyyyyyyyyyyyyyyyyyyyyyyyyyyyyyyyyy
B0005294 yyyyyyyyyyyyyyyyyyyyyyyyyyyyyyyyyyyyyyyyyyyyyyy
B0005296 yyyyyyyyyyyyyyyyyyyyyyyyyyyyyyyyyyyyyyyyyyyyyyyy
B0005298 yyyyyyyyyyyyyyyyyyyyyyyyyyyyyyyyyyyyyyyyyyyyyyyyy
B0005300 
B0005302 y
B0005304 yy
B0005306 yyy
B0005308 yyyy
B0005310 yyyyy
B0005312 yyyyyy
B0005314 yyyyyyy
B0005316 yyyyyyyy
B0005318 yyyyyyyyy
B0005320 yyyyyyyyyy
B0005322 yyyyyyyyyyy
B0005324 yyyyyyyyyyyy
B0005326 yyyyyyyyyyyyy
B0005328 yyyyyyyyyyyyyy
B0005330 yyyyyyyyyyyyyyy
B0005332 yyyyyyyyyyyyyyyy
B0005334 yyyyyyyyyyyyyyyyy
B0005336 yyyyyyyyyyyyyyyyyy
B0005338 yyyyyyyyyyyyyyyyyyy
B0005340 yyyyyyyyyyyyyyyyyyyy
B0005342 yyyyyyyyyyyyyyyyyyyyy
B0005344 yyyyyyyyyyyyyyyyyyyyyy
B0005346 yyyyyyyyyyyyyyyyyyyyyyy
B0005348 yyyyyyyyyyyyyyyyyyyyyyyy
B0005350 yyyyyyyyyyyyyyyyyyyyyyyyy
B0005352 yyyyyyyyyyyyyyyyyyyyyyyyyy
B0005354 yyyyyyyyyyyyyyyyyyyyyyyyyyy
B0005356 yyyyyyyyyyyyyyyyyyyyyyyyyyyy
B0005358 yyyyyyyyyyyyyyyyyyyyyyyyyyyyy
B0005360 yyyyyyyyyyyyyyyyyyyyyyyyyyyyyy
B0005362 yyyyyyyyyyyyyyyyyyyyyyyyyyyyyyy
B0005364 yyyyyyyyyyyyyyyyyyyyyyyyyyyyyyyy
B0005366 yyyyyyyyyyyyyyyyyyyyyyyyyyyyyyyyy
B0005368 yyyyyyyyyyyyyyyyyyyyyyyyyyyyyyyyyy
B0005370 yyyyyyyyyyyyyyyyyyyyyyyyyyyyyyyyyyy
B0005372 yyyyyyyyyyyyyyyyyyyyyyyyyyyyyyyyyyyy
B0005374 yyyyyyyyyyyyyyyyyyyyyyyyyyyyyyyyyyyyy
B0005376 yyyyyyyyyyyyyyyyyyyyyyyyyyyyyyyyyyyyyy
B0005378 yyyyyyyyyyyyyyyyyyyyyyyyyyyyyyyyyyyyyyy
B0005380 yyyyyyyyyyyyyyyyyyyyyyyyyyyyyyyyyyyyyyyy
B0005382 yyyyyyyyyyyyyyyyyyyyyyyyyyyyyyyyyyyyyyyyy
B0005384 yyyyyyyyyyyyyyyyyyyyyyyyyyyyyyyyyyyyyyyyyy
B0005386 yyyyyyyyyyyyyyyyyyyyyyyyyyyyyyyyyyyyyyyyyyy
B0005388 yyyyyyyyyyyyyyyyyyyyyyyyyyyyyyyyyyyyyyyyyyyy
B0005390 yyyyyyyyyyyyyyyyyyyyyyyyyyyyyyyyyyyyyyyyyyyyy
B0005392 yyyyyyyyyyyyyyyyyyyyyyyyyyyyyyyyyyyyyyyyyyyyyy
B0005394 yyyyyyyyyyyyyyyyyyyyyyyyyyyyyyyyyyyyyyyyyyyyyyy
B0005396 yyyyyyyyyyyyyyyyyyyyyyyyyyyyyyyyyyyyyyyyyyyyyyyy
B0005398 yyyyyyyyyyyyyyyyyyyyyyyyyyyyyyyyyyyyyyyyyyyyyyyyy
B0005400 
B0005402 y
B0005404 yy
B0005406 yyy
B0005408 yyyy
B0005410 yyyyy
B0005412 yyyyyy
B0005414 yyyyyyy
B0005416 yyyyyyyy
B0005418 yyyyyyyyy
B0005420 yyyyyyyyyy
B0005422 yyyyyyyyyyy
B0005424 yyyyyyyyyyyy
B0005426 yyyyyyyyyyyyy
B0005428 yyyyyyyyyyyyyy
B0005430 yyyyyyyyyyyyyyy
B0005432 yyyyyyyyyyyyyyyy
B0005434 yyyyyyyyyyyyyyyyy
B0005436 yyyyyyyyyyyyyyyyyy
B0005438 yyyyyyyyyyyyyyyyyyy
B0005440 yyyyyyyyyyyyyyyyyyyy
B0005442 yyyyyyyyyyyyyyyyyyyyy
B0005444 yyyyyyyyyyyyyyyyyyyyyy
B0005446 yyyyyyyyyyyyyyyyyyyyyyy
B0005448 yyyyyyyyyyyyyyyyyyyyyyyy
B0005450 yyyyyyyyyyyyyyyyyyyyyyyyy
B0005452 yyyyyyyyyyyyyyyyyyyyyyyyyy
B0005454 yyyyyyyyyyyyyyyyyyyyyyyyyyy
B0005456 yyyyyyyyyyyyyyyyyyyyyyyyyyyy
B0005458 yyyyyyyyyyyyyyyyyyyyyyyyyyyyy
B0005460 yyyyyyyyyyyyyyyyyyyyyyyyyyyyyy
B0005462 yyyyyyyyyyyyyyyyyyyyyyyyyyyyyyy
B0005464 yyyyyyyyyyyyyyyyyyyyyyyyyyyyyyyy
B0005466 yyyyyyyyyyyyyyyyyyyyyyyyyyyyyyyyy
B0005468 yyyyyyyyyyyyyyyyyyyyyyyyyyyyyyyyyy
B0005470 yyyyyyyyyyyyyyyyyyyyyyyyyyyyyyyyyyy
B0005472 yyyyyyyyyyyyyyyyyyyyyyyyyyyyyyyyyyyy
B0005474 yyyyyyyyyyyyyyyyyyyyyyyyyyyyyyyyyyyyy
B0005476 yyyyyyyyyyyyyyyyyyyyyyyyyyyyyyyyyyyyyy
B0005478 yyyyyyyyyyyyyyyyyyyyyyyyyyyyyyyyyyyyyyy
B0005480 yyyyyyyyyyyyyyyyyyyyyyyyyyyyyyyyyyyyyyyy
B0005482 yyyyyyyyyyyyyyyyyyyyyyyyyyyyyyyyyyyyyyyyy
B0005484 yyyyyyyyyyyyyyyyyyyyyyyyyyyyyyyyyyyyyyyyyy
B0005486 yyyyyyyyyyyyyyyyyyyyyyyyyyyyyyyyyyyyyyyyyyy
B0005488 yyyyyyyyyyyyyyyyyyyyyyyyyyyyyyyyyyyyyyyyyyyy
B0005490 yyyyyyyyyyyyyyyyyyyyyyyyyyyyyyyyyyyyyyyyyyyyy
B0005492 yyyyyyyyyyyyyyyyyyyyyyyyyyyyyyyyyyyyyyyyyyyyyy
B0005494 yyyyyyyyyyyyyyyyyyyyyyyyyyyyyyyyyyyyyyyyyyyyyyy
B0005496 yyyyyyyyyyyyyyyyyyyyyyyyyyyyyyyyyyyyyyyyyyyyyyyy
B0005498 yyyyyyyyyyyyyyyyyyyyyyyyyyyyyyyyyyyyyyyyyyyyyyyyy
B0005500 
B0005502 y
B0005504 yy
B0005506 yyy
B0005508 yyyy
B0005510 yyyyy
B0005512 yyyyyy
B0005514 yyyyyyy
B0005516 yyyyyyyy
B0005518 yyyyyyyyy
B0005520 yyyyyyyyyy
B0005522 yyyyyyyyyyy
B0005524 yyyyyyyyyyyy
B0005526 yyyyyyyyyyyyy
B0005528 yyyyyyyyyyyyyy
B0005530 yyyyyyyyyyyyyyy
B0005532 yyyyyyyyyyyyyyyy
B0005534 yyyyyyyyyyyyyyyyy
B0005536 yyyyyyyyyyyyyyyyyy
B0005538 yyyyyyyyyyyyyyyyyyy
B0005540 yyyyyyyyyyyyyyyyyyyy
B0005542 yyyyyyyyyyyyyyyyyyyyy
B0005544 yyyyyyyyyyyyyyyyyyyyyy
B0005546 yyyyyyyyyyyyyyyyyyyyyyy
B0005548 yyyyyyyyyyyyyyyyyyyyyyyy
B0005550 yyyyyyyyyyyyyyyyyyyyyyyyy
B0005552 yyyyyyyyyyyyyyyyyyyyyyyyyy
B0005554 yyyyyyyyyyyyyyyyyyyyyyyyyyy
B0005556 yyyyyyyyyyyyyyyyyyyyyyyyyyyy
B0005558 yyyyyyyyyyyyyyyyyyyyyyyyyyyyy
B0005560 yyyyyyyyyyyyyyyyyyyyyyyyyyyyyy
B0005562 yyyyyyyyyyyyyyyyyyyyyyyyyyyyyyy
B0005564 yyyyyyyyyyyyyyyyyyyyyyyyyyyyyyyy
B0005566 yyyyyyyyyyyyyyyyyyyyyyyyyyyyyyyyy
B0005568 yyyyyyyyyyyyyyyyyyyyyyyyyyyyyyyyyy
B0005570 yyyyyyyyyyyyyyyyyyyyyyyyyyyyyyyyyyy
B0005572 yyyyyyyyyyyyyyyyyyyyyyyyyyyyyyyyyyyy
B0005574 yyyyyyyyyyyyyyyyyyyyyyyyyyyyyyyyyyyyy
B0005576 yyyyyyyyyyyyyyyyyyyyyyyyyyyyyyyyyyyyyy
B0005578 yyyyyyyyyyyyyyyyyyyyyyyyyyyyyyyyyyyyyyy
B0005580 yyyyyyyyyyyyyyyyyyyyyyyyyyyyyyyyyyyyyyyy
B0005582 yyyyyyyyyyyyyyyyyyyyyyyyyyyyyyyyyyyyyyyyy
B0005584 yyyyyyyyyyyyyyyyyyyyyyyyyyyyyyyyyyyyyyyyyy
B0005586 yyyyyyyyyyyyyyyyyyyyyyyyyyyyyyyyyyyyyyyyyyy
B0005588 yyyyyyyyyyyyyyyyyyyyyyyyyyyyyyyyyyyyyyyyyyyy
B0005590 yyyyyyyyyyyyyyyyyyyyyyyyyyyyyyyyyyyyyyyyyyyyy
B0005592 yyyyyyyyyyyyyyyyyyyyyyyyyyyyyyyyyyyyyyyyyyyyyy
B0005594 yyyyyyyyyyyyyyyyyyyyyyyyyyyyyyyyyyyyyyyyyyyyyyy
B0005596 yyyyyyyyyyyyyyyyyyyyyyyyyyyyyyyyyyyyyyyyyyyyyyyy
B0005598 yyyyyyyyyyyyyyyyyyyyyyyyyyyyyyyyyyyyyyyyyyyyyyyyy
B0005600 
B0005602 y
B0005604 yy
B0005606 yyy
B0005608 yyyy
B0005610 yyyyy
B0005612 yyyyyy
B0005614 yyyyyyy
B0005616 yyyyyyyy
B0005618 yyyyyyyyy
B0005620 yyyyyyyyyy
B0005622 yyyyyyyyyyy
B0005624 yyyyyyyyyyyy
B0005626 yyyyyyyyyyyyy
B0005628 yyyyyyyyyyyyyy
B0005630 yyyyyyyyyyyyyyy
B0005632 yyyyyyyyyyyyyyyy
B0005634 yyyyyyyyyyyyyyyyy
B0005636 yyyyyyyyyyyyyyyyyy
B0005638 yyyyyyyyyyyyyyyyyyy
B0005640 yyyyyyyyyyyyyyyyyyyy
B0005642 yyyyyyyyyyyyyyyyyyyyy
B0005644 yyyyyyyyyyyyyyyyyyyyyy
B0005646 yyyyyyyyyyyyyyyyyyyyyyy
B0005648 yyyyyyyyyyyyyyyyyyyyyyyy
B0005650 yyyyyyyyyyyyyyyyyyyyyyyyy
B0005652 yyyyyyyyyyyyyyyyyyyyyyyyyy
B0005654 yyyyyyyyyyyyyyyyyyyyyyyyyyy
B0005656 yyyyyyyyyyyyyyyyyyyyyyyyyyyy
B0005658 yyyyyyyyyyyyyyyyyyyyyyyyyyyyy
B0005660 yyyyyyyyyyyyyyyyyyyyyyyyyyyyyy
B0005662 yyyyyyyyyyyyyyyyyyyyyyyyyyyyyyy
B0005664 yyyyyyyyyyyyyyyyyyyyyyyyyyyyyyyy
B0005666 yyyyyyyyyyyyyyyyyyyyyyyyyyyyyyyyy
B0005668 yyyyyyyyyyyyyyyyyyyyyyyyyyyyyyyyyy
B0005670 yyyyyyyyyyyyyyyyyyyyyyyyyyyyyyyyyyy
B0005672 yyyyyyyyyyyyyyyyyyyyyyyyyyyyyyyyyyyy
B0005674 yyyyyyyyyyyyyyyyyyyyyyyyyyyyyyyyyyyyy
B0005676 yyyyyyyyyyyyyyyyyyyyyyyyyyyyyyyyyyyyyy
B0005678 yyyyyyyyyyyyyyyyyyyyyyyyyyyyyyyyyyyyyyy
B0005680 yyyyyyyyyyyyyyyyyyyyyyyyyyyyyyyyyyyyyyyy
B0005682 yyyyyyyyyyyyyyyyyyyyyyyyyyyyyyyyyyyyyyyyy
B0005684 yyyyyyyyyyyyyyyyyyyyyyyyyyyyyyyyyyyyyyyyyy
B0005686 yyyyyyyyyyyyyyyyyyyyyyyyyyyyyyyyyyyyyyyyyyy
B0005688 yyyyyyyyyyyyyyyyyyyyyyyyyyyyyyyyyyyyyyyyyyyy
B0005690 yyyyyyyyyyyyyyyyyyyyyyyyyyyyyyyyyyyyyyyyyyyyy
B0005692 yyyyyyyyyyyyyyyyyyyyyyyyyyyyyyyyyyyyyyyyyyyyyy
B0005694 yyyyyyyyyyyyyyyyyyyyyyyyyyyyyyyyyyyyyyyyyyyyyyy
B0005696 yyyyyyyyyyyyyyyyyyyyyyyyyyyyyyyyyyyyyyyyyyyyyyyy
B0005698 yyyyyyyyyyyyyyyyyyyyyyyyyyyyyyyyyyyyyyyyyyyyyyyyy
B0005700 
B0005702 y
B0005704 yy
B0005706 yyy
B0005708 yyyy
B0005710 yyyyy
B0005712 yyyyyy
B0005714 yyyyyyy
B0005716 yyyyyyyy
B0005718 yyyyyyyyy
B0005720 yyyyyyyyyy
B0005722 yyyyyyyyyyy
B0005724 yyyyyyyyyyyy
B0005726 yyyyyyyyyyyyy
B0005728 yyyyyyyyyyyyyy
B0005730 yyyyyyyyyyyyyyy
B0005732 yyyyyyyyyyyyyyyy
B0005734 yyyyyyyyyyyyyyyyy
B0005736 yyyyyyyyyyyyyyyyyy
B0005738 yyyyyyyyyyyyyyyyyyy
B0005740 yyyyyyyyyyyyyyyyyyyy
B0005742 yyyyyyyyyyyyyyyyyyyyy
B0005744 yyyyyyyyyyyyyyyyyyyyyy
B0005746 yyyyyyyyyyyyyyyyyyyyyyy
B0005748 yyyyyyyyyyyyyyyyyyyyyyyy
B0005750 yyyyyyyyyyyyyyyyyyyyyyyyy
B0005752 yyyyyyyyyyyyyyyyyyyyyyyyyy
B0005754 yyyyyyyyyyyyyyyyyyyyyyyyyyy
B0005756 yyyyyyyyyyyyyyyyyyyyyyyyyyyy
B0005758 yyyyyyyyyyyyyyyyyyyyyyyyyyyyy
B0005760 yyyyyyyyyyyyyyyyyyyyyyyyyyyyyy
B0005762 yyyyyyyyyyyyyyyyyyyyyyyyyyyyyyy
B0005764 yyyyyyyyyyyyyyyyyyyyyyyyyyyyyyyy
B0005766 yyyyyyyyyyyyyyyyyyyyyyyyyyyyyyyyy
B0005768 yyyyyyyyyyyyyyyyyyyyyyyyyyyyyyyyyy
B0005770 yyyyyyyyyyyyyyyyyyyyyyyyyyyyyyyyyyy
B0005772 yyyyyyyyyyyyyyyyyyyyyyyyyyyyyyyyyyyy
B0005774 yyyyyyyyyyyyyyyyyyyyyyyyyyyyyyyyyyyyy
B0005776 yyyyyyyyyyyyyyyyyyyyyyyyyyyyyyyyyyyyyy
B0005778 yyyyyyyyyyyyyyyyyyyyyyyyyyyyyyyyyyyyyyy
B0005780 yyyyyyyyyyyyyyyyyyyyyyyyyyyyyyyyyyyyyyyy
B0005782 yyyyyyyyyyyyyyyyyyyyyyyyyyyyyyyyyyyyyyyyy
B0005784 yyyyyyyyyyyyyyyyyyyyyyyyyyyyyyyyyyyyyyyyyy
B0005786 yyyyyyyyyyyyyyyyyyyyyyyyyyyyyyyyyyyyyyyyyyy
B0005788 yyyyyyyyyyyyyyyyyyyyyyyyyyyyyyyyyyyyyyyyyyyy
B0005790 yyyyyyyyyyyyyyyyyyyyyyyyyyyyyyyyyyyyyyyyyyyyy
B0005792 yyyyyyyyyyyyyyyyyyyyyyyyyyyyyyyyyyyyyyyyyyyyyy
B0005794 yyyyyyyyyyyyyyyyyyyyyyyyyyyyyyyyyyyyyyyyyyyyyyy
B0005796 yyyyyyyyyyyyyyyyyyyyyyyyyyyyyyyyyyyyyyyyyyyyyyyy
B0005798 yyyyyyyyyyyyyyyyyyyyyyyyyyyyyyyyyyyyyyyyyyyyyyyyy
B0005800 
B0005802 y
B0005804 yy
B0005806 yyy
B0005808 yyyy
B0005810 yyyyy
B0005812 yyyyyy
B0005814 yyyyyyy
B0005816 yyyyyyyy
B0005818 yyyyyyyyy
B0005820 yyyyyyyyyy
B0005822 yyyyyyyyyyy
B0005824 yyyyyyyyyyyy
B0005826 yyyyyyyyyyyyy
B0005828 yyyyyyyyyyyyyy
B0005830 yyyyyyyyyyyyyyy
B0005832 yyyyyyyyyyyyyyyy
B0005834 yyyyyyyyyyyyyyyyy
B0005836 yyyyyyyyyyyyyyyyyy
B0005838 yyyyyyyyyyyyyyyyyyy
B0005840 yyyyyyyyyyyyyyyyyyyy
B0005842 yyyyyyyyyyyyyyyyyyyyy
B0005844 yyyyyyyyyyyyyyyyyyyyyy
B0005846 yyyyyyyyyyyyyyyyyyyyyyy
B0005848 yyyyyyyyyyyyyyyyyyyyyyyy
B0005850 yyyyyyyyyyyyyyyyyyyyyyyyy
B0005852 yyyyyyyyyyyyyyyyyyyyyyyyyy
B0005854 yyyyyyyyyyyyyyyyyyyyyyyyyyy
B0005856 yyyyyyyyyyyyyyyyyyyyyyyyyyyy
B0005858 yyyyyyyyyyyyyyyyyyyyyyyyyyyyy
B0005860 yyyyyyyyyyyyyyyyyyyyyyyyyyyyyy
B0005862 yyyyyyyyyyyyyyyyyyyyyyyyyyyyyyy
B0005864 yyyyyyyyyyyyyyyyyyyyyyyyyyyyyyyy
B0005866 yyyyyyyyyyyyyyyyyyyyyyyyyyyyyyyyy
B0005868 yyyyyyyyyyyyyyyyyyyyyyyyyyyyyyyyyy
B0005870 yyyyyyyyyyyyyyyyyyyyyyyyyyyyyyyyyyy
B0005872 yyyyyyyyyyyyyyyyyyyyyyyyyyyyyyyyyyyy
B0005874 yyyyyyyyyyyyyyyyyyyyyyyyyyyyyyyyyyyyy
B0005876 yyyyyyyyyyyyyyyyyyyyyyyyyyyyyyyyyyyyyy
B0005878 yyyyyyyyyyyyyyyyyyyyyyyyyyyyyyyyyyyyyyy
B0005880 yyyyyyyyyyyyyyyyyyyyyyyyyyyyyyyyyyyyyyyy
B0005882 yyyyyyyyyyyyyyyyyyyyyyyyyyyyyyyyyyyyyyyyy
B0005884 yyyyyyyyyyyyyyyyyyyyyyyyyyyyyyyyyyyyyyyyyy
B0005886 yyyyyyyyyyyyyyyyyyyyyyyyyyyyyyyyyyyyyyyyyyy
B0005888 yyyyyyyyyyyyyyyyyyyyyyyyyyyyyyyyyyyyyyyyyyyy
B0005890 yyyyyyyyyyyyyyyyyyyyyyyyyyyyyyyyyyyyyyyyyyyyy
B0005892 yyyyyyyyyyyyyyyyyyyyyyyyyyyyyyyyyyyyyyyyyyyyyy
B0005894 yyyyyyyyyyyyyyyyyyyyyyyyyyyyyyyyyyyyyyyyyyyyyyy
B0005896 yyyyyyyyyyyyyyyyyyyyyyyyyyyyyyyyyyyyyyyyyyyyyyyy
B0005898 yyyyyyyyyyyyyyyyyyyyyyyyyyyyyyyyyyyyyyyyyyyyyyyyy
B0005900 
B0005902 y
B0005904 yy
B0005906 yyy
B0005908 yyyy
B0005910 yyyyy
B0005912 yyyyyy
B0005914 yyyyyyy
B0005916 yyyyyyyy
B0005918 yyyyyyyyy
B0005920 yyyyyyyyyy
B0005922 yyyyyyyyyyy
B0005924 yyyyyyyyyyyy
B0005926 yyyyyyyyyyyyy
B0005928 yyyyyyyyyyyyyy
B0005930 yyyyyyyyyyyyyyy
B0005932 yyyyyyyyyyyyyyyy
B0005934 yyyyyyyyyyyyyyyyy
B0005936 yyyyyyyyyyyyyyyyyy
B0005938 yyyyyyyyyyyyyyyyyyy
B0005940 yyyyyyyyyyyyyyyyyyyy
B0005942 yyyyyyyyyyyyyyyyyyyyy
B0005944 yyyyyyyyyyyyyyyyyyyyyy
B0005946 yyyyyyyyyyyyyyyyyyyyyyy
B0005948 yyyyyyyyyyyyyyyyyyyyyyyy
B0005950 yyyyyyyyyyyyyyyyyyyyyyyyy
B0005952 yyyyyyyyyyyyyyyyyyyyyyyyyy
B0005954 yyyyyyyyyyyyyyyyyyyyyyyyyyy
B0005956 yyyyyyyyyyyyyyyyyyyyyyyyyyyy
B0005958 yyyyyyyyyyyyyyyyyyyyyyyyyyyyy
B0005960 yyyyyyyyyyyyyyyyyyyyyyyyyyyyyy
B0005962 yyyyyyyyyyyyyyyyyyyyyyyyyyyyyyy
B0005964 yyyyyyyyyyyyyyyyyyyyyyyyyyyyyyyy
B0005966 yyyyyyyyyyyyyyyyyyyyyyyyyyyyyyyyy
B0005968 yyyyyyyyyyyyyyyyyyyyyyyyyyyyyyyyyy
B0005970 yyyyyyyyyyyyyyyyyyyyyyyyyyyyyyyyyyy
B0005972 yyyyyyyyyyyyyyyyyyyyyyyyyyyyyyyyyyyy
B0005974 yyyyyyyyyyyyyyyyyyyyyyyyyyyyyyyyyyyyy
B0005976 yyyyyyyyyyyyyyyyyyyyyyyyyyyyyyyyyyyyyy
B0005978 yyyyyyyyyyyyyyyyyyyyyyyyyyyyyyyyyyyyyyy
B0005980 yyyyyyyyyyyyyyyyyyyyyyyyyyyyyyyyyyyyyyyy
B0005982 yyyyyyyyyyyyyyyyyyyyyyyyyyyyyyyyyyyyyyyyy
B0005984 yyyyyyyyyyyyyyyyyyyyyyyyyyyyyyyyyyyyyyyyyy
B0005986 yyyyyyyyyyyyyyyyyyyyyyyyyyyyyyyyyyyyyyyyyyy
B0005988 yyyyyyyyyyyyyyyyyyyyyyyyyyyyyyyyyyyyyyyyyyyy
B0005990 yyyyyyyyyyyyyyyyyyyyyyyyyyyyyyyyyyyyyyyyyyyyy
B0005992 yyyyyyyyyyyyyyyyyyyyyyyyyyyyyyyyyyyyyyyyyyyyyy
B0005994 yyyyyyyyyyyyyyyyyyyyyyyyyyyyyyyyyyyyyyyyyyyyyyy
B0005996 yyyyyyyyyyyyyyyyyyyyyyyyyyyyyyyyyyyyyyyyyyyyyyyy
B0005998 yyyyyyyyyyyyyyyyyyyyyyyyyyyyyyyyyyyyyyyyyyyyyyyyy
B0006000 
